timestamp_iso,event_type,frame_latency_ms,fps,cursor_delta_x,cursor_delta_y,x,y,ttt_ms
2026-03-30T15:18:42.143,frame,13.744,0.0,-0.000991,-0.000419,0.5,0.63,
2026-03-30T15:18:42.187,frame,43.768,21.43,-0.001012,-5e-05,0.5,0.63,
2026-03-30T15:18:42.218,frame,25.39,22.44,-0.001047,4e-05,0.5,0.63,
2026-03-30T15:18:42.271,frame,44.265,22.11,-0.000992,0.000141,0.5,0.63,
2026-03-30T15:18:42.282,frame,6.606,28.04,-0.000943,0.000443,0.5,0.63,
2026-03-30T15:18:42.298,frame,6.078,31.43,-0.000758,-0.000185,0.5,0.63,
2026-03-30T15:18:42.346,frame,39.212,30.29,-0.001055,-7.9e-05,0.5,0.63,
2026-03-30T15:18:42.381,frame,21.579,30.39,-0.000949,-0.000629,0.5,0.63,
2026-03-30T15:18:42.430,frame,34.996,29.49,-0.000963,0.000152,0.5,0.63,
2026-03-30T15:18:42.463,frame,17.748,29.63,-0.000412,0.000148,0.5,0.63,
2026-03-30T15:18:42.507,frame,32.687,28.76,-0.000257,0.000111,0.5,0.63,
2026-03-30T15:18:42.522,frame,6.136,34.58,-0.000368,9.5e-05,0.5,0.63,
2026-03-30T15:18:42.541,frame,9.745,36.44,-0.000312,0.000315,0.5,0.63,
2026-03-30T15:18:42.586,frame,44.08,34.83,3.3e-05,0.00041,0.5,0.63,
2026-03-30T15:18:42.618,frame,26.018,34.5,-0.000205,0.000518,0.5,0.63,
2026-03-30T15:18:42.673,frame,43.128,33.02,9.5e-05,8.5e-05,0.5,0.63,
2026-03-30T15:18:42.685,frame,6.161,37.7,-0.000101,-2.8e-05,0.5,0.63,
2026-03-30T15:18:42.703,frame,7.48,39.69,-0.000163,0.000227,0.5,0.63,
2026-03-30T15:18:42.746,frame,41.498,37.72,-0.000184,0.000388,0.5,0.63,
2026-03-30T15:18:42.780,frame,20.956,37.22,-0.000186,0.000226,0.5,0.63,
2026-03-30T15:18:42.830,frame,38.801,35.47,-0.000216,7.8e-05,0.5,0.63,
2026-03-30T15:18:42.863,frame,18.084,35.29,0.000363,0.000204,0.5,0.63,
2026-03-30T15:18:42.906,frame,32.073,33.9,0.000215,1.4e-05,0.5,0.63,
2026-03-30T15:18:42.916,frame,6.237,42.26,8e-06,-7e-05,0.5,0.63,
2026-03-30T15:18:42.940,frame,13.256,42.49,0.000173,-8.6e-05,0.5,0.63,
2026-03-30T15:18:42.989,frame,45.711,40.23,-0.000215,-0.000412,0.5,0.63,
2026-03-30T15:18:43.018,frame,25.567,39.54,-0.000338,-0.000878,0.5,0.63,
2026-03-30T15:18:43.067,frame,42.203,37.59,-0.000756,-0.001097,0.5,0.63,
2026-03-30T15:18:43.086,frame,7.224,40.58,-0.000614,-0.001205,0.5,0.63,
2026-03-30T15:18:43.098,frame,5.82,43.1,-0.001284,-0.001855,0.5,0.63,
2026-03-30T15:18:43.146,frame,37.342,40.84,-0.002358,-5e-06,0.49,0.63,
2026-03-30T15:18:43.183,frame,21.391,39.78,-0.004882,-0.00119,0.49,0.63,
2026-03-30T15:18:43.232,frame,36.233,37.88,-0.010116,-0.002213,0.49,0.63,
2026-03-30T15:18:43.266,frame,21.283,36.96,-0.014562,-0.004023,0.48,0.62,
2026-03-30T15:18:43.310,frame,31.151,35.54,-0.018037,-0.007071,0.48,0.62,
2026-03-30T15:18:43.320,frame,6.991,41.83,-0.017589,-0.005102,0.48,0.62,
2026-03-30T15:18:43.343,frame,14.325,42.0,-0.020519,-0.006492,0.48,0.62,
2026-03-30T15:18:43.391,frame,31.181,39.89,-0.021938,-0.006559,0.47,0.62,
2026-03-30T15:18:43.423,frame,28.673,39.07,-0.022893,-0.006951,0.47,0.62,
2026-03-30T15:18:43.473,frame,44.456,37.17,-0.02264,-0.008361,0.47,0.62,
2026-03-30T15:18:43.487,frame,7.947,40.43,-0.022796,-0.00779,0.47,0.62,
2026-03-30T15:18:43.507,frame,6.416,41.36,-0.022985,-0.008674,0.47,0.62,
2026-03-30T15:18:43.552,frame,38.522,39.46,-0.022982,-0.008671,0.47,0.62,
2026-03-30T15:18:43.583,frame,20.85,38.73,-0.022982,-0.009233,0.47,0.62,
2026-03-30T15:18:43.632,frame,37.257,36.9,-0.02304,-0.009213,0.47,0.62,
2026-03-30T15:18:43.663,frame,18.297,36.43,-0.02291,-0.009699,0.47,0.62,
2026-03-30T15:18:43.712,frame,32.45,34.85,-0.023262,-0.009584,0.47,0.62,
2026-03-30T15:18:43.731,frame,5.84,35.56,-0.023351,-0.009737,0.47,0.62,
2026-03-30T15:18:43.753,frame,7.294,37.65,-0.023173,-0.009729,0.47,0.62,
2026-03-30T15:18:43.792,frame,29.203,36.48,-0.023588,-0.008676,0.47,0.62,
2026-03-30T15:18:43.818,frame,26.355,36.17,-0.023511,-0.008817,0.47,0.62,
2026-03-30T15:18:43.874,frame,44.706,34.46,-0.023811,-0.008689,0.47,0.62,
2026-03-30T15:18:43.881,frame,6.308,39.71,-0.023646,-0.008613,0.47,0.62,
2026-03-30T15:18:43.899,frame,6.51,41.53,-0.023962,-0.009805,0.47,0.62,
2026-03-30T15:18:43.953,frame,40.802,39.36,-0.023649,-0.012042,0.47,0.62,
2026-03-30T15:18:43.984,frame,21.452,38.72,-0.02429,-0.016238,0.47,0.61,
2026-03-30T15:18:44.032,frame,37.154,36.91,-0.023338,-0.019556,0.47,0.61,
2026-03-30T15:18:44.066,frame,7.882,36.21,-0.022832,-0.02316,0.47,0.61,
2026-03-30T15:18:44.114,frame,35.252,34.67,-0.020998,-0.026282,0.48,0.6,
2026-03-30T15:18:44.135,frame,7.549,35.79,-0.022051,-0.025887,0.47,0.6,
2026-03-30T15:18:44.153,frame,7.282,37.88,-0.020387,-0.029767,0.48,0.6,
2026-03-30T15:18:44.192,frame,29.802,36.64,-0.019916,-0.031387,0.48,0.6,
2026-03-30T15:18:44.223,frame,26.949,36.21,-0.019263,-0.033129,0.48,0.6,
2026-03-30T15:18:44.272,frame,34.852,34.65,-0.019027,-0.034042,0.48,0.59,
2026-03-30T15:18:44.282,frame,6.48,38.41,-0.019851,-0.034245,0.48,0.59,
2026-03-30T15:18:44.305,frame,8.648,39.86,-0.019098,-0.035969,0.48,0.59,
2026-03-30T15:18:44.353,frame,42.003,37.92,-0.019591,-0.034697,0.48,0.59,
2026-03-30T15:18:44.385,frame,22.463,37.31,-0.019269,-0.034515,0.48,0.59,
2026-03-30T15:18:44.432,frame,36.46,35.72,-0.018939,-0.033409,0.48,0.6,
2026-03-30T15:18:44.458,frame,16.361,35.46,-0.018449,-0.033106,0.48,0.6,
2026-03-30T15:18:44.513,frame,34.511,33.88,-0.018175,-0.032885,0.48,0.6,
2026-03-30T15:18:44.531,frame,6.724,34.89,-0.018203,-0.03335,0.48,0.6,
2026-03-30T15:18:44.553,frame,7.329,37.0,-0.017277,-0.033122,0.48,0.6,
2026-03-30T15:18:44.594,frame,31.054,35.78,-0.01673,-0.034608,0.48,0.59,
2026-03-30T15:18:44.620,frame,25.912,35.67,-0.016262,-0.034443,0.48,0.59,
2026-03-30T15:18:44.672,frame,42.747,34.12,-0.014935,-0.0348,0.48,0.59,
2026-03-30T15:18:44.681,frame,6.432,37.99,-0.014997,-0.034729,0.48,0.59,
2026-03-30T15:18:44.699,frame,6.547,39.94,-0.014129,-0.034326,0.48,0.59,
2026-03-30T15:18:44.753,frame,40.733,37.94,-0.014056,-0.034174,0.48,0.59,
2026-03-30T15:18:44.779,frame,20.38,37.57,-0.014033,-0.033914,0.48,0.59,
2026-03-30T15:18:44.834,frame,38.443,35.77,-0.014122,-0.03375,0.48,0.6,
2026-03-30T15:18:44.864,frame,19.595,35.39,-0.014342,-0.032965,0.48,0.6,
2026-03-30T15:18:44.912,frame,33.547,33.98,-0.014065,-0.031837,0.48,0.6,
2026-03-30T15:18:44.933,frame,6.685,34.88,-0.014004,-0.0322,0.48,0.6,
2026-03-30T15:18:44.949,frame,6.237,37.16,-0.014026,-0.032153,0.48,0.6,
2026-03-30T15:18:44.986,frame,27.777,36.05,-0.014068,-0.031671,0.48,0.6,
2026-03-30T15:18:45.024,frame,28.092,35.48,-0.014169,-0.031705,0.48,0.6,
2026-03-30T15:18:45.071,frame,43.328,33.99,-0.013969,-0.031243,0.48,0.6,
2026-03-30T15:18:45.082,frame,6.07,38.13,-0.014011,-0.031425,0.48,0.6,
2026-03-30T15:18:45.101,frame,6.319,40.3,-0.014189,-0.030691,0.48,0.6,
2026-03-30T15:18:45.151,frame,38.061,38.32,-0.014104,-0.030335,0.48,0.6,
2026-03-30T15:18:45.180,frame,21.251,37.69,-0.014303,-0.03037,0.48,0.6,
2026-03-30T15:18:45.230,frame,36.072,35.96,-0.014321,-0.030095,0.48,0.6,
2026-03-30T15:18:45.258,frame,16.827,35.66,-0.014553,-0.029679,0.48,0.6,
2026-03-30T15:18:45.312,frame,34.068,34.08,-0.014587,-0.029169,0.48,0.6,
2026-03-30T15:18:45.333,frame,7.325,34.97,-0.014445,-0.029202,0.48,0.6,
2026-03-30T15:18:45.350,frame,6.379,37.48,-0.014314,-0.029141,0.48,0.6,
2026-03-30T15:18:45.387,frame,28.58,36.31,-0.0143,-0.0287,0.48,0.6,
2026-03-30T15:18:45.421,frame,26.429,35.89,-0.016095,-0.02811,0.48,0.6,
2026-03-30T15:18:45.473,frame,43.718,34.28,-0.019448,-0.02768,0.48,0.6,
2026-03-30T15:18:45.484,frame,6.1,38.98,-0.019089,-0.026846,0.48,0.6,
2026-03-30T15:18:45.504,frame,7.926,40.43,-0.024883,-0.027012,0.47,0.6,
2026-03-30T15:18:45.552,frame,37.396,38.48,-0.029643,-0.025296,0.47,0.6,
2026-03-30T15:18:45.585,frame,22.398,37.64,-0.032687,-0.022557,0.46,0.61,
2026-03-30T15:18:45.635,frame,39.761,35.86,-0.038411,-0.022335,0.46,0.61,
2026-03-30T15:18:45.665,frame,20.131,35.58,-0.043794,-0.022847,0.45,0.61,
2026-03-30T15:18:45.711,frame,32.998,34.2,-0.04872,-0.023701,0.45,0.61,
2026-03-30T15:18:45.738,frame,8.166,34.59,-0.048674,-0.023196,0.45,0.61,
2026-03-30T15:18:45.754,frame,7.988,37.06,-0.052023,-0.022622,0.44,0.61,
2026-03-30T15:18:45.792,frame,28.336,36.04,-0.054329,-0.021594,0.44,0.61,
2026-03-30T15:18:45.824,frame,28.387,35.53,-0.055815,-0.022071,0.44,0.61,
2026-03-30T15:18:45.870,frame,40.122,34.16,-0.05708,-0.022576,0.44,0.61,
2026-03-30T15:18:45.887,frame,7.586,36.52,-0.0568,-0.022046,0.44,0.61,
2026-03-30T15:18:45.903,frame,6.368,39.18,-0.055534,-0.021954,0.44,0.61,
2026-03-30T15:18:45.952,frame,38.669,37.3,-0.054205,-0.020545,0.44,0.61,
2026-03-30T15:18:45.983,frame,20.862,36.8,-0.051688,-0.018306,0.45,0.61,
2026-03-30T15:18:46.031,frame,35.895,35.2,-0.048087,-0.018114,0.45,0.61,
2026-03-30T15:18:46.058,frame,16.098,34.96,-0.042551,-0.015665,0.45,0.61,
2026-03-30T15:18:46.111,frame,32.979,33.46,-0.037578,-0.011687,0.46,0.62,
2026-03-30T15:18:46.137,frame,8.146,34.07,-0.037146,-0.012047,0.46,0.62,
2026-03-30T15:18:46.154,frame,7.7,36.44,-0.031742,-0.011434,0.47,0.62,
2026-03-30T15:18:46.191,frame,29.026,35.48,-0.023648,-0.008877,0.47,0.62,
2026-03-30T15:18:46.224,frame,28.015,35.0,-0.016528,-0.007776,0.48,0.62,
2026-03-30T15:18:46.273,frame,42.758,33.56,-0.010953,-0.006009,0.49,0.62,
2026-03-30T15:18:46.288,frame,7.884,36.85,-0.010325,-0.005163,0.49,0.62,
2026-03-30T15:18:46.304,frame,7.085,39.37,-0.005679,-0.006049,0.49,0.62,
2026-03-30T15:18:46.353,frame,41.04,37.45,-0.001278,-0.003363,0.5,0.63,
2026-03-30T15:18:46.385,frame,22.338,36.9,0.001009,-0.002727,0.5,0.63,
2026-03-30T15:18:46.432,frame,36.519,35.34,0.000945,-0.00173,0.5,0.63,
2026-03-30T15:18:46.464,frame,18.751,34.93,0.001135,-0.002347,0.5,0.63,
2026-03-30T15:18:46.512,frame,46.785,33.51,-9.6e-05,-0.001972,0.5,0.63,
2026-03-30T15:18:46.522,frame,7.542,40.53,-0.000143,-0.001881,0.5,0.63,
2026-03-30T15:18:46.543,frame,15.003,41.18,-0.002589,-0.000409,0.49,0.63,
2026-03-30T15:18:46.592,frame,45.649,39.12,-0.006859,-0.001062,0.49,0.63,
2026-03-30T15:18:46.623,frame,27.101,38.37,-0.010222,2e-06,0.49,0.63,
2026-03-30T15:18:46.673,frame,44.292,36.52,-0.014977,-0.001339,0.48,0.63,
2026-03-30T15:18:46.687,frame,6.532,40.51,-0.015184,-9.1e-05,0.48,0.63,
2026-03-30T15:18:46.701,frame,6.206,42.81,-0.018466,-0.001892,0.48,0.63,
2026-03-30T15:18:46.754,frame,41.748,40.45,-0.023925,-0.001765,0.47,0.63,
2026-03-30T15:18:46.791,frame,28.496,39.12,-0.028094,-0.001231,0.47,0.63,
2026-03-30T15:18:46.834,frame,38.273,37.53,-0.031122,-0.001767,0.47,0.63,
2026-03-30T15:18:46.865,frame,19.752,37.06,-0.034296,-0.002127,0.46,0.63,
2026-03-30T15:18:46.912,frame,34.124,35.47,-0.036239,-0.00348,0.46,0.63,
2026-03-30T15:18:46.917,frame,6.293,44.83,-0.036775,-0.003474,0.46,0.63,
2026-03-30T15:18:46.943,frame,13.816,44.61,-0.038514,-0.003784,0.46,0.63,
2026-03-30T15:18:46.994,frame,47.351,42.11,-0.040626,-0.003771,0.46,0.63,
2026-03-30T15:18:47.023,frame,27.227,41.32,-0.041814,-0.005143,0.46,0.62,
2026-03-30T15:18:47.073,frame,42.28,39.21,-0.042144,-0.005294,0.45,0.62,
2026-03-30T15:18:47.087,frame,6.257,42.41,-0.041998,-0.00511,0.45,0.62,
2026-03-30T15:18:47.104,frame,7.814,44.08,-0.042165,-0.005582,0.45,0.62,
2026-03-30T15:18:47.152,frame,39.068,41.76,-0.042595,-0.005193,0.45,0.62,
2026-03-30T15:18:47.185,frame,23.41,40.53,-0.042361,-0.006005,0.45,0.62,
2026-03-30T15:18:47.233,frame,37.485,38.59,-0.042089,-0.005916,0.45,0.62,
2026-03-30T15:18:47.264,frame,19.103,37.92,-0.042155,-0.005823,0.45,0.62,
2026-03-30T15:18:47.316,frame,36.535,36.07,-0.042186,-0.005671,0.45,0.62,
2026-03-30T15:18:47.319,frame,6.375,45.42,-0.042293,-0.005894,0.45,0.62,
2026-03-30T15:18:47.338,frame,12.433,46.38,-0.041921,-0.005763,0.45,0.62,
2026-03-30T15:18:47.393,frame,46.943,43.69,-0.042075,-0.00521,0.45,0.62,
2026-03-30T15:18:47.417,frame,25.725,42.8,-0.042172,-0.005049,0.45,0.62,
2026-03-30T15:18:47.473,frame,43.595,40.48,-0.041696,-0.005334,0.46,0.62,
2026-03-30T15:18:47.482,frame,6.248,44.29,-0.041904,-0.004961,0.45,0.62,
2026-03-30T15:18:47.500,frame,5.932,45.89,-0.04172,-0.00477,0.46,0.62,
2026-03-30T15:18:47.552,frame,39.849,43.29,-0.041798,-0.004204,0.46,0.62,
2026-03-30T15:18:47.580,frame,20.814,42.25,-0.041544,-0.003932,0.46,0.62,
2026-03-30T15:18:47.634,frame,39.251,39.97,-0.041686,-0.003628,0.46,0.63,
2026-03-30T15:18:47.660,frame,16.66,39.59,-0.041408,-0.003629,0.46,0.63,
2026-03-30T15:18:47.707,frame,48.116,37.65,-0.041454,-0.003777,0.46,0.63,
2026-03-30T15:18:47.737,frame,8.603,37.83,-0.041462,-0.003697,0.46,0.63,
2026-03-30T15:18:47.750,frame,5.825,40.71,-0.040966,-0.003725,0.46,0.63,
2026-03-30T15:18:47.786,frame,28.249,39.2,-0.041065,-0.003786,0.46,0.63,
2026-03-30T15:18:47.818,frame,26.898,38.41,-0.040952,-0.004221,0.46,0.62,
2026-03-30T15:18:47.869,frame,42.055,36.64,-0.040835,-0.003829,0.46,0.63,
2026-03-30T15:18:47.882,frame,6.631,39.8,-0.040779,-0.003898,0.46,0.62,
2026-03-30T15:18:47.899,frame,6.932,41.67,-0.040479,-0.003749,0.46,0.63,
2026-03-30T15:18:47.949,frame,38.886,39.56,-0.040394,-0.003133,0.46,0.63,
2026-03-30T15:18:47.979,frame,25.503,38.91,-0.040023,-0.003338,0.46,0.63,
2026-03-30T15:18:48.034,frame,39.09,36.92,-0.040256,-0.002887,0.46,0.63,
2026-03-30T15:18:48.057,frame,16.986,36.78,-0.040206,-0.00251,0.46,0.63,
2026-03-30T15:18:48.107,frame,32.291,35.18,-0.039871,-0.002431,0.46,0.63,
2026-03-30T15:18:48.117,frame,5.743,44.38,-0.039877,-0.002549,0.46,0.63,
2026-03-30T15:18:48.137,frame,11.92,44.33,-0.040019,-0.002449,0.46,0.63,
2026-03-30T15:18:48.187,frame,46.369,41.85,-0.039793,-0.002301,0.46,0.63,
2026-03-30T15:18:48.219,frame,26.209,40.97,-0.039619,-0.002539,0.46,0.63,
2026-03-30T15:18:48.272,frame,42.859,38.89,-0.039083,-0.001452,0.46,0.63,
2026-03-30T15:18:48.284,frame,6.37,42.44,-0.038786,-0.001975,0.46,0.63,
2026-03-30T15:18:48.301,frame,5.773,44.36,-0.037748,-0.002044,0.46,0.63,
2026-03-30T15:18:48.351,frame,38.147,41.95,-0.0351,-0.001672,0.46,0.63,
2026-03-30T15:18:48.383,frame,20.859,40.86,-0.031449,9.5e-05,0.47,0.63,
2026-03-30T15:18:48.431,frame,36.463,38.85,-0.026733,-0.001899,0.47,0.63,
2026-03-30T15:18:48.466,frame,20.647,37.88,-0.023039,-0.000633,0.47,0.63,
2026-03-30T15:18:48.512,frame,33.472,36.25,-0.018448,-0.001273,0.48,0.63,
2026-03-30T15:18:48.516,frame,6.916,44.64,-0.018053,-0.001491,0.48,0.63,
2026-03-30T15:18:48.544,frame,15.01,44.4,-0.013417,-0.000704,0.48,0.63,
2026-03-30T15:18:48.591,frame,29.181,42.08,-0.010262,-0.000517,0.49,0.63,
2026-03-30T15:18:48.625,frame,29.967,40.82,-0.009242,-0.000408,0.49,0.63,
2026-03-30T15:18:48.672,frame,45.36,38.88,-0.008323,-0.000989,0.49,0.63,
2026-03-30T15:18:48.688,frame,7.875,41.1,-0.008376,-0.000866,0.49,0.63,
2026-03-30T15:18:48.704,frame,7.821,43.4,-0.00841,-0.000575,0.49,0.63,
2026-03-30T15:18:48.753,frame,40.146,41.11,-0.008512,0.000128,0.49,0.63,
2026-03-30T15:18:48.784,frame,21.33,40.23,-0.009376,-0.00111,0.49,0.63,
2026-03-30T15:18:48.835,frame,39.644,38.15,-0.011006,-0.000761,0.49,0.63,
2026-03-30T15:18:48.866,frame,20.683,37.61,-0.012853,0.000134,0.48,0.63,
2026-03-30T15:18:48.907,frame,33.238,36.02,-0.015096,-0.001472,0.48,0.63,
2026-03-30T15:18:48.916,frame,6.302,45.28,-0.015255,-0.001748,0.48,0.63,
2026-03-30T15:18:48.943,frame,14.6,45.07,-0.016624,-0.001522,0.48,0.63,
2026-03-30T15:18:48.991,frame,46.606,42.57,-0.017475,-0.000993,0.48,0.63,
2026-03-30T15:18:49.023,frame,27.105,41.6,-0.01862,-0.000681,0.48,0.63,
2026-03-30T15:18:49.070,frame,43.477,39.46,-0.020438,-0.002075,0.48,0.63,
2026-03-30T15:18:49.087,frame,7.793,42.15,-0.020169,-0.001721,0.48,0.63,
2026-03-30T15:18:49.101,frame,6.456,44.65,-0.021608,-0.003002,0.48,0.63,
2026-03-30T15:18:49.151,frame,38.582,42.23,-0.02455,-0.003966,0.47,0.62,
2026-03-30T15:18:49.185,frame,23.457,41.0,-0.026155,-0.002022,0.47,0.63,
2026-03-30T15:18:49.234,frame,39.419,38.91,-0.029826,-0.000989,0.47,0.63,
2026-03-30T15:18:49.266,frame,22.025,38.13,-0.033012,-0.001093,0.46,0.63,
2026-03-30T15:18:49.314,frame,35.206,36.43,-0.035759,-0.00225,0.46,0.63,
2026-03-30T15:18:49.339,frame,10.474,36.8,-0.035618,-0.003159,0.46,0.63,
2026-03-30T15:18:49.347,frame,6.192,41.5,-0.037037,-0.002299,0.46,0.63,
2026-03-30T15:18:49.393,frame,30.345,39.72,-0.037757,-0.003368,0.46,0.63,
2026-03-30T15:18:49.423,frame,26.797,39.08,-0.038239,-0.002982,0.46,0.63,
2026-03-30T15:18:49.472,frame,43.065,37.19,-0.037335,-0.002268,0.46,0.63,
2026-03-30T15:18:49.484,frame,6.425,41.02,-0.037421,-0.002286,0.46,0.63,
2026-03-30T15:18:49.504,frame,7.403,42.48,-0.037353,-0.001771,0.46,0.63,
2026-03-30T15:18:49.553,frame,40.154,40.28,-0.036766,-0.002311,0.46,0.63,
2026-03-30T15:18:49.580,frame,22.22,39.45,-0.035087,-0.001482,0.46,0.63,
2026-03-30T15:18:49.632,frame,36.829,37.59,-0.033511,-0.001601,0.46,0.63,
2026-03-30T15:18:49.663,frame,18.093,36.98,-0.031793,0.00016,0.47,0.63,
2026-03-30T15:18:49.708,frame,31.677,35.43,-0.029015,0.000701,0.47,0.63,
2026-03-30T15:18:49.720,frame,7.118,42.44,-0.029061,0.000539,0.47,0.63,
2026-03-30T15:18:49.738,frame,12.412,42.75,-0.027049,0.000818,0.47,0.63,
2026-03-30T15:18:49.793,frame,48.305,40.43,-0.024268,0.001381,0.47,0.63,
2026-03-30T15:18:49.825,frame,29.507,39.45,-0.021855,0.001481,0.48,0.63,
2026-03-30T15:18:49.877,frame,46.307,37.44,-0.019241,0.001913,0.48,0.63,
2026-03-30T15:18:49.882,frame,6.525,45.23,-0.019783,0.000839,0.48,0.63,
2026-03-30T15:18:49.905,frame,9.302,45.85,-0.016956,-0.00061,0.48,0.63,
2026-03-30T15:18:49.954,frame,41.271,43.31,-0.014087,0.000547,0.48,0.63,
2026-03-30T15:18:49.983,frame,21.027,42.38,-0.014271,-0.00354,0.48,0.63,
2026-03-30T15:18:50.034,frame,38.918,40.13,-0.011749,-0.004543,0.49,0.62,
2026-03-30T15:18:50.064,frame,18.597,39.38,-0.01204,-0.00782,0.48,0.62,
2026-03-30T15:18:50.115,frame,36.209,37.43,-0.010849,-0.006808,0.49,0.62,
2026-03-30T15:18:50.137,frame,8.394,38.26,-0.010931,-0.006853,0.49,0.62,
2026-03-30T15:18:50.152,frame,7.591,40.8,-0.01056,-0.007562,0.49,0.62,
2026-03-30T15:18:50.190,frame,27.651,39.37,-0.009431,-0.009254,0.49,0.62,
2026-03-30T15:18:50.224,frame,27.998,38.35,-0.008943,-0.010304,0.49,0.62,
2026-03-30T15:18:50.275,frame,45.546,36.49,-0.008238,-0.011712,0.49,0.62,
2026-03-30T15:18:50.284,frame,6.201,42.49,-0.0076,-0.0109,0.49,0.62,
2026-03-30T15:18:50.303,frame,7.619,43.75,-0.006426,-0.012378,0.49,0.62,
2026-03-30T15:18:50.354,frame,41.176,41.36,-0.005874,-0.012325,0.49,0.62,
2026-03-30T15:18:50.384,frame,20.818,40.51,-0.006558,-0.013567,0.49,0.62,
2026-03-30T15:18:50.433,frame,38.167,38.51,-0.005887,-0.014282,0.49,0.61,
2026-03-30T15:18:50.463,frame,16.694,38.02,-0.005528,-0.015422,0.49,0.61,
2026-03-30T15:18:50.514,frame,35.707,36.17,-0.005325,-0.018483,0.49,0.61,
2026-03-30T15:18:50.535,frame,6.855,37.3,-0.00591,-0.017171,0.49,0.61,
2026-03-30T15:18:50.553,frame,7.183,39.14,-0.004538,-0.021043,0.49,0.61,
2026-03-30T15:18:50.592,frame,25.225,37.82,-0.004062,-0.023311,0.49,0.61,
2026-03-30T15:18:50.623,frame,27.028,37.21,-0.003283,-0.026785,0.49,0.6,
2026-03-30T15:18:50.674,frame,44.703,35.47,-0.001834,-0.030468,0.5,0.6,
2026-03-30T15:18:50.687,frame,8.074,39.4,-0.002602,-0.029722,0.49,0.6,
2026-03-30T15:18:50.703,frame,8.792,41.84,-0.002583,-0.034108,0.49,0.59,
2026-03-30T15:18:50.753,frame,44.295,39.63,-0.004486,-0.036641,0.49,0.59,
2026-03-30T15:18:50.783,frame,23.187,39.02,-0.005618,-0.038117,0.49,0.59,
2026-03-30T15:18:50.831,frame,34.579,37.23,-0.008213,-0.039261,0.49,0.59,
2026-03-30T15:18:50.862,frame,17.835,36.66,-0.010614,-0.040135,0.49,0.59,
2026-03-30T15:18:50.910,frame,45.284,35.09,-0.012616,-0.03983,0.48,0.59,
2026-03-30T15:18:50.919,frame,6.505,42.73,-0.012696,-0.03909,0.48,0.59,
2026-03-30T15:18:50.943,frame,18.514,42.63,-0.014186,-0.03844,0.48,0.59,
2026-03-30T15:18:50.992,frame,40.388,40.41,-0.016337,-0.038405,0.48,0.59,
2026-03-30T15:18:51.023,frame,27.467,39.54,-0.01736,-0.038478,0.48,0.59,
2026-03-30T15:18:51.073,frame,47.586,37.61,-0.018681,-0.038616,0.48,0.59,
2026-03-30T15:18:51.084,frame,6.57,41.33,-0.018914,-0.037716,0.48,0.59,
2026-03-30T15:18:51.113,frame,6.787,40.92,-0.019219,-0.038313,0.48,0.59,
2026-03-30T15:18:51.153,frame,26.901,39.34,-0.0195,-0.037522,0.48,0.59,
2026-03-30T15:18:51.183,frame,20.316,38.77,-0.020255,-0.03604,0.48,0.59,
2026-03-30T15:18:51.234,frame,38.485,36.83,-0.020403,-0.035712,0.48,0.59,
2026-03-30T15:18:51.266,frame,21.431,36.27,-0.020753,-0.03388,0.48,0.59,
2026-03-30T15:18:51.314,frame,35.842,34.74,-0.021286,-0.032906,0.48,0.6,
2026-03-30T15:18:51.331,frame,6.898,36.06,-0.021042,-0.033097,0.48,0.6,
2026-03-30T15:18:51.347,frame,7.062,38.36,-0.022108,-0.032285,0.47,0.6,
2026-03-30T15:18:51.392,frame,29.339,37.03,-0.022252,-0.031695,0.47,0.6,
2026-03-30T15:18:51.425,frame,29.372,36.33,-0.023188,-0.031672,0.47,0.6,
2026-03-30T15:18:51.474,frame,45.641,34.76,-0.023881,-0.030273,0.47,0.6,
2026-03-30T15:18:51.486,frame,7.921,38.74,-0.023508,-0.030741,0.47,0.6,
2026-03-30T15:18:51.517,frame,10.168,38.25,-0.023635,-0.030354,0.47,0.6,
2026-03-30T15:18:51.549,frame,22.54,37.28,-0.024127,-0.0301,0.47,0.6,
2026-03-30T15:18:51.584,frame,22.043,36.63,-0.024282,-0.029071,0.47,0.6,
2026-03-30T15:18:51.632,frame,36.166,35.06,-0.024893,-0.02939,0.47,0.6,
2026-03-30T15:18:51.660,frame,16.821,34.91,-0.024648,-0.029226,0.47,0.6,
2026-03-30T15:18:51.715,frame,51.53,33.3,-0.024803,-0.029838,0.47,0.6,
2026-03-30T15:18:51.732,frame,7.44,34.8,-0.024931,-0.029556,0.47,0.6,
2026-03-30T15:18:51.763,frame,7.137,34.93,-0.024619,-0.029549,0.47,0.6,
2026-03-30T15:18:51.794,frame,15.331,34.71,-0.024842,-0.029527,0.47,0.6,
2026-03-30T15:18:51.824,frame,10.757,34.53,-0.025195,-0.029455,0.47,0.6,
2026-03-30T15:18:51.874,frame,46.734,33.07,-0.024957,-0.029895,0.47,0.6,
2026-03-30T15:18:51.885,frame,6.386,38.65,-0.025199,-0.029519,0.47,0.6,
2026-03-30T15:18:51.902,frame,7.218,41.03,-0.025099,-0.030018,0.47,0.6,
2026-03-30T15:18:51.951,frame,41.217,38.96,-0.02532,-0.029939,0.47,0.6,
2026-03-30T15:18:51.984,frame,28.785,38.12,-0.025329,-0.030416,0.47,0.6,
2026-03-30T15:18:52.031,frame,37.587,36.41,-0.025163,-0.029926,0.47,0.6,
2026-03-30T15:18:52.057,frame,28.629,36.11,-0.025268,-0.02983,0.47,0.6,
2026-03-30T15:18:52.111,frame,32.766,34.48,-0.025259,-0.030262,0.47,0.6,
2026-03-30T15:18:52.131,frame,6.383,35.25,-0.025368,-0.030391,0.47,0.6,
2026-03-30T15:18:52.149,frame,6.296,37.88,-0.025774,-0.030429,0.47,0.6,
2026-03-30T15:18:52.190,frame,29.297,36.56,-0.025863,-0.030401,0.47,0.6,
2026-03-30T15:18:52.224,frame,28.445,35.98,-0.026181,-0.029403,0.47,0.6,
2026-03-30T15:18:52.271,frame,44.357,34.41,-0.025909,-0.0291,0.47,0.6,
2026-03-30T15:18:52.281,frame,6.036,39.53,-0.025984,-0.029004,0.47,0.6,
2026-03-30T15:18:52.299,frame,6.911,41.17,-0.02595,-0.029359,0.47,0.6,
2026-03-30T15:18:52.354,frame,41.361,39.01,-0.025945,-0.026667,0.47,0.6,
2026-03-30T15:18:52.379,frame,21.673,38.46,-0.025011,-0.025713,0.47,0.6,
2026-03-30T15:18:52.432,frame,37.554,36.68,-0.023401,-0.024148,0.47,0.6,
2026-03-30T15:18:52.458,frame,16.452,36.42,-0.021606,-0.023323,0.48,0.61,
2026-03-30T15:18:52.515,frame,36.39,34.67,-0.018822,-0.023163,0.48,0.61,
2026-03-30T15:18:52.530,frame,6.788,36.16,-0.018701,-0.021291,0.48,0.61,
2026-03-30T15:18:52.553,frame,7.783,37.98,-0.016393,-0.021632,0.48,0.61,
2026-03-30T15:18:52.591,frame,29.491,36.83,-0.012496,-0.019413,0.48,0.61,
2026-03-30T15:18:52.624,frame,27.767,36.21,-0.010766,-0.018334,0.49,0.61,
2026-03-30T15:18:52.672,frame,41.913,34.65,-0.00954,-0.020377,0.49,0.61,
2026-03-30T15:18:52.687,frame,6.333,38.06,-0.009359,-0.020237,0.49,0.61,
2026-03-30T15:18:52.703,frame,6.93,40.46,-0.008728,-0.020194,0.49,0.61,
2026-03-30T15:18:52.753,frame,40.731,38.39,-0.008926,-0.020287,0.49,0.61,
2026-03-30T15:18:52.783,frame,21.137,37.9,-0.008243,-0.02048,0.49,0.61,
2026-03-30T15:18:52.834,frame,39.357,36.07,-0.008328,-0.020074,0.49,0.61,
2026-03-30T15:18:52.867,frame,21.38,35.55,-0.008856,-0.020297,0.49,0.61,
2026-03-30T15:18:52.914,frame,36.093,34.08,-0.008534,-0.019603,0.49,0.61,
2026-03-30T15:18:52.931,frame,6.479,35.61,-0.008685,-0.019488,0.49,0.61,
2026-03-30T15:18:52.954,frame,8.573,37.14,-0.009036,-0.01979,0.49,0.61,
2026-03-30T15:18:52.986,frame,29.39,36.09,-0.0099,-0.02039,0.49,0.61,
2026-03-30T15:18:53.024,frame,27.883,35.63,-0.011851,-0.020859,0.49,0.61,
2026-03-30T15:18:53.071,frame,44.322,34.08,-0.013685,-0.020764,0.48,0.61,
2026-03-30T15:18:53.081,frame,6.687,38.77,-0.013365,-0.020781,0.48,0.61,
2026-03-30T15:18:53.099,frame,7.106,40.61,-0.014745,-0.021379,0.48,0.61,
2026-03-30T15:18:53.154,frame,40.973,38.54,-0.016026,-0.022764,0.48,0.61,
2026-03-30T15:18:53.179,frame,19.073,38.3,-0.01652,-0.023967,0.48,0.6,
2026-03-30T15:18:53.232,frame,37.267,36.44,-0.016628,-0.024991,0.48,0.6,
2026-03-30T15:18:53.263,frame,18.919,35.9,-0.016537,-0.026771,0.48,0.6,
2026-03-30T15:18:53.311,frame,32.961,34.44,-0.016568,-0.027786,0.48,0.6,
2026-03-30T15:18:53.317,frame,5.372,44.3,-0.016761,-0.027038,0.48,0.6,
2026-03-30T15:18:53.337,frame,12.315,44.25,-0.016581,-0.02861,0.48,0.6,
2026-03-30T15:18:53.391,frame,45.633,41.82,-0.016034,-0.029397,0.48,0.6,
2026-03-30T15:18:53.418,frame,25.796,40.96,-0.015683,-0.029668,0.48,0.6,
2026-03-30T15:18:53.472,frame,41.805,38.84,-0.015606,-0.030086,0.48,0.6,
2026-03-30T15:18:53.481,frame,6.285,42.5,-0.015178,-0.029881,0.48,0.6,
2026-03-30T15:18:53.498,frame,6.276,44.27,-0.015232,-0.030448,0.48,0.6,
2026-03-30T15:18:53.553,frame,40.84,41.79,-0.014341,-0.03024,0.48,0.6,
2026-03-30T15:18:53.580,frame,19.629,41.11,-0.013949,-0.030444,0.48,0.6,
2026-03-30T15:18:53.634,frame,39.273,38.9,-0.013363,-0.031214,0.48,0.6,
2026-03-30T15:18:53.660,frame,17.168,38.63,-0.012726,-0.030887,0.48,0.6,
2026-03-30T15:18:53.712,frame,33.42,36.78,-0.012007,-0.031676,0.48,0.6,
2026-03-30T15:18:53.736,frame,6.567,37.13,-0.012026,-0.031665,0.48,0.6,
2026-03-30T15:18:53.747,frame,5.889,40.04,-0.011725,-0.031554,0.49,0.6,
2026-03-30T15:18:53.793,frame,30.336,38.46,-0.011367,-0.030932,0.49,0.6,
2026-03-30T15:18:53.822,frame,29.2,37.73,-0.011145,-0.031525,0.49,0.6,
2026-03-30T15:18:53.872,frame,42.571,36.07,-0.011051,-0.031103,0.49,0.6,
2026-03-30T15:18:53.882,frame,6.556,39.96,-0.010902,-0.031231,0.49,0.6,
2026-03-30T15:18:53.899,frame,6.656,41.67,-0.010864,-0.031678,0.49,0.6,
2026-03-30T15:18:53.953,frame,40.191,39.49,-0.011084,-0.031307,0.49,0.6,
2026-03-30T15:18:53.980,frame,22.533,38.7,-0.012143,-0.03166,0.48,0.6,
2026-03-30T15:18:54.030,frame,37.509,36.93,-0.012882,-0.031045,0.48,0.6,
2026-03-30T15:18:54.057,frame,16.434,36.75,-0.014926,-0.030356,0.48,0.6,
2026-03-30T15:18:54.113,frame,35.015,35.0,-0.01622,-0.029146,0.48,0.6,
2026-03-30T15:18:54.130,frame,6.61,36.15,-0.016537,-0.029155,0.48,0.6,
2026-03-30T15:18:54.148,frame,6.335,38.31,-0.017308,-0.028815,0.48,0.6,
2026-03-30T15:18:54.192,frame,29.614,36.98,-0.018963,-0.028503,0.48,0.6,
2026-03-30T15:18:54.225,frame,29.359,36.28,-0.020277,-0.02869,0.48,0.6,
2026-03-30T15:18:54.273,frame,43.496,34.76,-0.021386,-0.028835,0.48,0.6,
2026-03-30T15:18:54.282,frame,6.257,38.73,-0.021758,-0.028905,0.48,0.6,
2026-03-30T15:18:54.303,frame,7.75,40.64,-0.022373,-0.028386,0.47,0.6,
2026-03-30T15:18:54.355,frame,42.389,38.52,-0.023249,-0.026597,0.47,0.6,
2026-03-30T15:18:54.385,frame,22.38,37.99,-0.024388,-0.023909,0.47,0.6,
2026-03-30T15:18:54.432,frame,36.559,36.32,-0.023549,-0.021893,0.47,0.61,
2026-03-30T15:18:54.465,frame,19.936,35.7,-0.02425,-0.022161,0.47,0.61,
2026-03-30T15:18:54.512,frame,33.985,34.25,-0.024825,-0.02095,0.47,0.61,
2026-03-30T15:18:54.539,frame,10.181,34.64,-0.024703,-0.020425,0.47,0.61,
2026-03-30T15:18:54.548,frame,7.278,37.99,-0.024518,-0.02019,0.47,0.61,
2026-03-30T15:18:54.594,frame,31.195,36.66,-0.025406,-0.019014,0.47,0.61,
2026-03-30T15:18:54.625,frame,28.661,36.23,-0.025826,-0.018561,0.47,0.61,
2026-03-30T15:18:54.678,frame,48.63,34.48,-0.026651,-0.017964,0.47,0.61,
2026-03-30T15:18:54.683,frame,5.313,45.77,-0.026279,-0.018043,0.47,0.61,
2026-03-30T15:18:54.698,frame,6.303,46.85,-0.026392,-0.017409,0.47,0.61,
2026-03-30T15:18:54.753,frame,40.549,44.14,-0.026584,-0.016528,0.47,0.61,
2026-03-30T15:18:54.783,frame,20.541,43.04,-0.026799,-0.014985,0.47,0.61,
2026-03-30T15:18:54.831,frame,35.533,40.83,-0.027369,-0.014718,0.47,0.61,
2026-03-30T15:18:54.866,frame,20.454,39.64,-0.026602,-0.013504,0.47,0.62,
2026-03-30T15:18:54.914,frame,35.698,37.74,-0.026611,-0.01268,0.47,0.62,
2026-03-30T15:18:54.931,frame,6.816,38.66,-0.026902,-0.012216,0.47,0.62,
2026-03-30T15:18:54.954,frame,8.089,40.16,-0.026369,-0.012396,0.47,0.62,
2026-03-30T15:18:54.994,frame,31.308,38.65,-0.02635,-0.010919,0.47,0.62,
2026-03-30T15:18:55.023,frame,27.033,38.23,-0.026143,-0.010759,0.47,0.62,
2026-03-30T15:18:55.073,frame,45.031,36.41,-0.025998,-0.010885,0.47,0.62,
2026-03-30T15:18:55.086,frame,6.027,40.24,-0.026315,-0.011005,0.47,0.62,
2026-03-30T15:18:55.098,frame,5.687,42.72,-0.026104,-0.010812,0.47,0.62,
2026-03-30T15:18:55.153,frame,40.38,40.37,-0.025801,-0.011171,0.47,0.62,
2026-03-30T15:18:55.180,frame,22.246,39.54,-0.026255,-0.010718,0.47,0.62,
2026-03-30T15:18:55.234,frame,38.774,37.63,-0.026616,-0.011361,0.47,0.62,
2026-03-30T15:18:55.263,frame,17.977,37.29,-0.026749,-0.011642,0.47,0.62,
2026-03-30T15:18:55.313,frame,34.859,35.55,-0.026509,-0.011947,0.47,0.62,
2026-03-30T15:18:55.338,frame,9.719,36.01,-0.026916,-0.011977,0.47,0.62,
2026-03-30T15:18:55.349,frame,5.849,39.71,-0.026865,-0.012786,0.47,0.62,
2026-03-30T15:18:55.391,frame,30.328,38.17,-0.027038,-0.012912,0.47,0.62,
2026-03-30T15:18:55.425,frame,30.118,37.39,-0.027151,-0.013384,0.47,0.62,
2026-03-30T15:18:55.469,frame,41.591,35.87,-0.02711,-0.013281,0.47,0.62,
2026-03-30T15:18:55.481,frame,5.899,39.32,-0.02704,-0.013416,0.47,0.62,
2026-03-30T15:18:55.499,frame,6.505,41.03,-0.026799,-0.014284,0.47,0.61,
2026-03-30T15:18:55.555,frame,42.015,38.83,-0.027175,-0.014131,0.47,0.61,
2026-03-30T15:18:55.581,frame,21.968,38.35,-0.027206,-0.013508,0.47,0.62,
2026-03-30T15:18:55.629,frame,35.438,36.69,-0.027046,-0.013926,0.47,0.61,
2026-03-30T15:18:55.663,frame,20.749,35.86,-0.027302,-0.013673,0.47,0.62,
2026-03-30T15:18:55.714,frame,35.747,34.34,-0.02728,-0.013365,0.47,0.62,
2026-03-30T15:18:55.732,frame,6.814,35.45,-0.027028,-0.01373,0.47,0.62,
2026-03-30T15:18:55.749,frame,6.38,38.16,-0.027603,-0.013355,0.47,0.62,
2026-03-30T15:18:55.787,frame,29.755,36.83,-0.026819,-0.013325,0.47,0.62,
2026-03-30T15:18:55.837,frame,43.864,35.26,-0.026896,-0.012688,0.47,0.62,
2026-03-30T15:18:55.867,frame,25.088,34.9,-0.026681,-0.01311,0.47,0.62,
2026-03-30T15:18:55.885,frame,6.139,38.29,-0.026413,-0.013332,0.47,0.62,
2026-03-30T15:18:55.899,frame,6.287,40.48,-0.026592,-0.013184,0.47,0.62,
2026-03-30T15:18:55.949,frame,39.414,38.46,-0.026363,-0.01307,0.47,0.62,
2026-03-30T15:18:55.980,frame,20.499,37.87,-0.026149,-0.013411,0.47,0.62,
2026-03-30T15:18:56.030,frame,38.581,36.04,-0.026131,-0.01286,0.47,0.62,
2026-03-30T15:18:56.058,frame,16.924,35.97,-0.025999,-0.013079,0.47,0.62,
2026-03-30T15:18:56.106,frame,33.432,34.39,-0.025968,-0.013087,0.47,0.62,
2026-03-30T15:18:56.136,frame,8.289,35.01,-0.025776,-0.013628,0.47,0.62,
2026-03-30T15:18:56.150,frame,6.474,37.52,-0.02582,-0.013576,0.47,0.62,
2026-03-30T15:18:56.187,frame,27.707,36.39,-0.025725,-0.013237,0.47,0.62,
2026-03-30T15:18:56.222,frame,26.686,35.92,-0.025657,-0.013607,0.47,0.62,
2026-03-30T15:18:56.267,frame,42.823,34.35,-0.025751,-0.01392,0.47,0.61,
2026-03-30T15:18:56.281,frame,6.329,38.34,-0.025587,-0.01407,0.47,0.61,
2026-03-30T15:18:56.299,frame,6.931,40.27,-0.025623,-0.013689,0.47,0.62,
2026-03-30T15:18:56.350,frame,40.749,38.23,-0.025577,-0.013704,0.47,0.62,
2026-03-30T15:18:56.381,frame,22.213,37.61,-0.025535,-0.014085,0.47,0.61,
2026-03-30T15:18:56.429,frame,37.048,35.94,-0.025565,-0.013906,0.47,0.61,
2026-03-30T15:18:56.463,frame,20.443,35.35,-0.025643,-0.014217,0.47,0.61,
2026-03-30T15:18:56.514,frame,35.71,33.86,-0.025534,-0.014294,0.47,0.61,
2026-03-30T15:18:56.531,frame,7.677,35.08,-0.02552,-0.01433,0.47,0.61,
2026-03-30T15:18:56.550,frame,7.519,37.3,-0.025428,-0.013869,0.47,0.61,
2026-03-30T15:18:56.589,frame,27.145,36.34,-0.025187,-0.014043,0.47,0.61,
2026-03-30T15:18:56.617,frame,14.878,35.86,-0.024878,-0.014252,0.47,0.61,
2026-03-30T15:18:56.672,frame,44.418,34.17,-0.024708,-0.013624,0.47,0.62,
2026-03-30T15:18:56.681,frame,5.989,39.84,-0.024619,-0.013266,0.47,0.62,
2026-03-30T15:18:56.698,frame,5.873,41.88,-0.024188,-0.012755,0.47,0.62,
2026-03-30T15:18:56.753,frame,40.53,39.64,-0.024017,-0.01288,0.47,0.62,
2026-03-30T15:18:56.783,frame,23.63,38.88,-0.023476,-0.012942,0.47,0.62,
2026-03-30T15:18:56.833,frame,37.472,37.06,-0.021814,-0.013391,0.48,0.62,
2026-03-30T15:18:56.863,frame,19.326,36.51,-0.020525,-0.014466,0.48,0.61,
2026-03-30T15:18:56.914,frame,35.505,34.89,-0.017743,-0.015867,0.48,0.61,
2026-03-30T15:18:56.931,frame,6.239,36.2,-0.018108,-0.015555,0.48,0.61,
2026-03-30T15:18:56.953,frame,7.135,37.99,-0.014756,-0.017388,0.48,0.61,
2026-03-30T15:18:56.992,frame,29.86,36.72,-0.011822,-0.017586,0.49,0.61,
2026-03-30T15:18:57.024,frame,27.774,36.19,-0.009587,-0.019802,0.49,0.61,
2026-03-30T15:18:57.072,frame,41.896,34.65,-0.008234,-0.020579,0.49,0.61,
2026-03-30T15:18:57.087,frame,8.227,37.89,-0.008314,-0.020945,0.49,0.61,
2026-03-30T15:18:57.098,frame,6.263,40.9,-0.007763,-0.021469,0.49,0.61,
2026-03-30T15:18:57.154,frame,41.757,38.73,-0.007674,-0.022062,0.49,0.61,
2026-03-30T15:18:57.185,frame,22.251,38.13,-0.009103,-0.021519,0.49,0.61,
2026-03-30T15:18:57.234,frame,37.782,36.37,-0.010871,-0.022312,0.49,0.61,
2026-03-30T15:18:57.258,frame,16.458,36.3,-0.013421,-0.023179,0.48,0.61,
2026-03-30T15:18:57.314,frame,35.807,34.58,-0.015349,-0.022452,0.48,0.61,
2026-03-30T15:18:57.333,frame,7.298,35.78,-0.016127,-0.022993,0.48,0.61,
2026-03-30T15:18:57.353,frame,7.082,37.94,-0.018044,-0.023194,0.48,0.61,
2026-03-30T15:18:57.392,frame,29.804,36.68,-0.020277,-0.023927,0.48,0.6,
2026-03-30T15:18:57.423,frame,26.899,36.29,-0.022044,-0.024096,0.47,0.6,
2026-03-30T15:18:57.472,frame,43.35,34.67,-0.024016,-0.024124,0.47,0.6,
2026-03-30T15:18:57.484,frame,6.605,38.79,-0.024397,-0.023322,0.47,0.61,
2026-03-30T15:18:57.504,frame,7.879,40.37,-0.025695,-0.024665,0.47,0.6,
2026-03-30T15:18:57.553,frame,39.657,38.36,-0.027737,-0.025341,0.47,0.6,
2026-03-30T15:18:57.584,frame,21.809,37.78,-0.029698,-0.027769,0.47,0.6,
2026-03-30T15:18:57.635,frame,40.001,35.96,-0.031728,-0.028891,0.47,0.6,
2026-03-30T15:18:57.665,frame,20.084,35.7,-0.032928,-0.031363,0.46,0.6,
2026-03-30T15:18:57.712,frame,33.269,34.26,-0.03493,-0.033148,0.46,0.6,
2026-03-30T15:18:57.717,frame,6.423,43.27,-0.034837,-0.033249,0.46,0.6,
2026-03-30T15:18:57.743,frame,13.402,43.2,-0.035874,-0.035025,0.46,0.59,
2026-03-30T15:18:57.792,frame,45.771,40.92,-0.036271,-0.03682,0.46,0.59,
2026-03-30T15:18:57.823,frame,27.807,40.03,-0.036738,-0.040035,0.46,0.59,
2026-03-30T15:18:57.872,frame,43.218,38.07,-0.037047,-0.0411,0.46,0.59,
2026-03-30T15:18:57.882,frame,6.086,41.51,-0.037548,-0.040469,0.46,0.59,
2026-03-30T15:18:57.904,frame,8.0,43.03,-0.03771,-0.042371,0.46,0.59,
2026-03-30T15:18:57.953,frame,40.061,40.74,-0.037777,-0.044564,0.46,0.58,
2026-03-30T15:18:57.991,frame,29.116,39.33,-0.037442,-0.044436,0.46,0.58,
2026-03-30T15:18:58.034,frame,38.754,37.72,-0.037686,-0.046619,0.46,0.58,
2026-03-30T15:18:58.064,frame,18.82,37.25,-0.036754,-0.04688,0.46,0.58,
2026-03-30T15:18:58.114,frame,35.326,35.54,-0.037165,-0.047374,0.46,0.58,
2026-03-30T15:18:58.120,frame,5.592,45.12,-0.037418,-0.047697,0.46,0.58,
2026-03-30T15:18:58.145,frame,12.466,44.9,-0.037043,-0.047264,0.46,0.58,
2026-03-30T15:18:58.192,frame,45.868,42.5,-0.037104,-0.047702,0.46,0.58,
2026-03-30T15:18:58.219,frame,25.944,41.57,-0.037504,-0.04648,0.46,0.58,
2026-03-30T15:18:58.273,frame,36.933,39.39,-0.037286,-0.044918,0.46,0.58,
2026-03-30T15:18:58.281,frame,6.441,43.52,-0.036884,-0.045151,0.46,0.58,
2026-03-30T15:18:58.300,frame,5.711,45.46,-0.037423,-0.043699,0.46,0.59,
2026-03-30T15:18:58.352,frame,39.194,42.9,-0.038642,-0.040921,0.46,0.59,
2026-03-30T15:18:58.382,frame,19.709,41.9,-0.04008,-0.038893,0.46,0.59,
2026-03-30T15:18:58.432,frame,35.979,39.71,-0.041631,-0.035382,0.46,0.59,
2026-03-30T15:18:58.463,frame,17.333,38.97,-0.04339,-0.032501,0.45,0.6,
2026-03-30T15:18:58.511,frame,44.767,37.16,-0.044595,-0.030588,0.45,0.6,
2026-03-30T15:18:58.518,frame,5.836,46.38,-0.045152,-0.03063,0.45,0.6,
2026-03-30T15:18:58.544,frame,15.563,45.75,-0.046306,-0.028846,0.45,0.6,
2026-03-30T15:18:58.591,frame,36.056,43.27,-0.046948,-0.026203,0.45,0.6,
2026-03-30T15:18:58.623,frame,28.275,42.13,-0.047237,-0.023289,0.45,0.61,
2026-03-30T15:18:58.671,frame,40.918,39.98,-0.047663,-0.020624,0.45,0.61,
2026-03-30T15:18:58.688,frame,8.215,41.86,-0.048046,-0.020226,0.45,0.61,
2026-03-30T15:18:58.701,frame,7.235,44.52,-0.048824,-0.020013,0.45,0.61,
2026-03-30T15:18:58.752,frame,47.534,42.12,-0.049194,-0.018174,0.45,0.61,
2026-03-30T15:18:58.783,frame,20.708,41.1,-0.050405,-0.016243,0.45,0.61,
2026-03-30T15:18:58.832,frame,37.397,39.02,-0.049918,-0.014552,0.45,0.61,
2026-03-30T15:18:58.865,frame,20.349,38.14,-0.049802,-0.011689,0.45,0.62,
2026-03-30T15:18:58.911,frame,32.755,36.51,-0.049215,-0.009262,0.45,0.62,
2026-03-30T15:18:58.936,frame,7.267,36.82,-0.048563,-0.00902,0.45,0.62,
2026-03-30T15:18:58.953,frame,6.931,39.29,-0.047563,-0.00769,0.45,0.62,
2026-03-30T15:18:58.992,frame,29.283,37.91,-0.0472,-0.00519,0.45,0.62,
2026-03-30T15:18:59.025,frame,29.375,37.17,-0.046395,-0.003397,0.45,0.63,
2026-03-30T15:18:59.074,frame,43.288,35.49,-0.045849,-0.002921,0.45,0.63,
2026-03-30T15:18:59.081,frame,6.177,40.68,-0.045326,-0.003061,0.45,0.63,
2026-03-30T15:18:59.102,frame,6.795,42.4,-0.044495,-0.002225,0.45,0.63,
2026-03-30T15:18:59.153,frame,40.757,40.13,-0.043584,-0.002655,0.45,0.63,
2026-03-30T15:18:59.183,frame,21.357,39.44,-0.043081,-0.0025,0.45,0.63,
2026-03-30T15:18:59.232,frame,36.201,37.56,-0.042199,-0.002492,0.45,0.63,
2026-03-30T15:18:59.264,frame,18.883,36.88,-0.0412,-0.002629,0.46,0.63,
2026-03-30T15:18:59.312,frame,34.351,35.27,-0.039614,-0.002997,0.46,0.63,
2026-03-30T15:18:59.338,frame,10.005,35.63,-0.039416,-0.00298,0.46,0.63,
2026-03-30T15:18:59.348,frame,6.322,39.23,-0.038532,-0.003826,0.46,0.63,
2026-03-30T15:18:59.392,frame,29.464,37.82,-0.037829,-0.00339,0.46,0.63,
2026-03-30T15:18:59.424,frame,27.745,37.2,-0.036415,-0.002117,0.46,0.63,
2026-03-30T15:18:59.473,frame,43.782,35.51,-0.035266,-0.002413,0.46,0.63,
2026-03-30T15:18:59.481,frame,6.15,40.07,-0.035174,-0.002873,0.46,0.63,
2026-03-30T15:18:59.502,frame,6.761,41.83,-0.03407,-0.001955,0.46,0.63,
2026-03-30T15:18:59.560,frame,47.967,39.38,-0.033247,-0.002617,0.46,0.63,
2026-03-30T15:18:59.587,frame,8.24,39.16,-0.032198,-0.0024,0.46,0.63,
2026-03-30T15:18:59.637,frame,41.736,37.23,-0.031625,-0.002768,0.47,0.63,
2026-03-30T15:18:59.663,frame,17.328,37.4,-0.030533,-0.00324,0.47,0.63,
2026-03-30T15:18:59.712,frame,34.094,35.7,-0.030282,-0.004106,0.47,0.62,
2026-03-30T15:18:59.719,frame,6.008,41.77,-0.030254,-0.00523,0.47,0.62,
2026-03-30T15:18:59.742,frame,13.178,42.61,-0.030029,-0.004473,0.47,0.62,
2026-03-30T15:18:59.793,frame,46.275,40.33,-0.029685,-0.005015,0.47,0.62,
2026-03-30T15:18:59.824,frame,27.491,39.53,-0.029501,-0.005138,0.47,0.62,
2026-03-30T15:18:59.873,frame,42.63,37.63,-0.029488,-0.005053,0.47,0.62,
2026-03-30T15:18:59.881,frame,6.384,41.81,-0.029574,-0.005007,0.47,0.62,
2026-03-30T15:18:59.898,frame,6.806,43.47,-0.029557,-0.005046,0.47,0.62,
2026-03-30T15:18:59.955,frame,42.293,41.03,-0.029443,-0.004485,0.47,0.62,
2026-03-30T15:18:59.980,frame,23.338,40.38,-0.029823,-0.004453,0.47,0.62,
2026-03-30T15:19:00.032,frame,36.954,38.42,-0.029319,-0.004851,0.47,0.62,
2026-03-30T15:19:00.061,frame,14.489,38.0,-0.029388,-0.004696,0.47,0.62,
2026-03-30T15:19:00.112,frame,34.428,36.15,-0.029362,-0.004696,0.47,0.62,
2026-03-30T15:19:00.131,frame,6.837,36.86,-0.029369,-0.004995,0.47,0.62,
2026-03-30T15:19:00.149,frame,6.027,39.19,-0.029278,-0.004696,0.47,0.62,
2026-03-30T15:19:00.192,frame,29.978,37.77,-0.029527,-0.005055,0.47,0.62,
2026-03-30T15:19:00.221,frame,26.822,37.29,-0.029448,-0.005925,0.47,0.62,
2026-03-30T15:19:00.266,frame,39.802,35.73,-0.029428,-0.006056,0.47,0.62,
2026-03-30T15:19:00.286,frame,7.263,37.89,-0.028725,-0.006205,0.47,0.62,
2026-03-30T15:19:00.303,frame,6.973,40.14,-0.029315,-0.005882,0.47,0.62,
2026-03-30T15:19:00.351,frame,39.467,38.17,-0.028994,-0.006673,0.47,0.62,
2026-03-30T15:19:00.382,frame,21.909,37.6,-0.028826,-0.006984,0.47,0.62,
2026-03-30T15:19:00.434,frame,38.666,35.8,-0.028856,-0.008442,0.47,0.62,
2026-03-30T15:19:00.463,frame,19.645,35.46,-0.027733,-0.010973,0.47,0.62,
2026-03-30T15:19:00.514,frame,35.695,33.95,-0.027383,-0.010844,0.47,0.62,
2026-03-30T15:19:00.531,frame,6.335,35.17,-0.02719,-0.010999,0.47,0.62,
2026-03-30T15:19:00.547,frame,6.04,37.74,-0.027423,-0.01107,0.47,0.62,
2026-03-30T15:19:00.592,frame,30.859,36.45,-0.026296,-0.013087,0.47,0.62,
2026-03-30T15:19:00.618,frame,25.807,36.18,-0.025582,-0.013887,0.47,0.61,
2026-03-30T15:19:00.673,frame,49.236,34.53,-0.025477,-0.015095,0.47,0.61,
2026-03-30T15:19:00.685,frame,6.328,38.89,-0.025457,-0.015111,0.47,0.61,
2026-03-30T15:19:00.701,frame,6.076,40.94,-0.025138,-0.015264,0.47,0.61,
2026-03-30T15:19:00.752,frame,39.641,38.83,-0.025243,-0.015556,0.47,0.61,
2026-03-30T15:19:00.780,frame,20.123,38.39,-0.025493,-0.015721,0.47,0.61,
2026-03-30T15:19:00.831,frame,35.501,36.57,-0.025,-0.01609,0.47,0.61,
2026-03-30T15:19:00.862,frame,16.605,36.19,-0.024945,-0.016243,0.47,0.61,
2026-03-30T15:19:00.910,frame,31.7,34.64,-0.024907,-0.016853,0.47,0.61,
2026-03-30T15:19:00.916,frame,5.994,42.84,-0.024705,-0.016911,0.47,0.61,
2026-03-30T15:19:00.938,frame,13.146,42.97,-0.024797,-0.016968,0.47,0.61,
2026-03-30T15:19:00.991,frame,45.509,40.67,-0.024585,-0.01729,0.47,0.61,
2026-03-30T15:19:01.020,frame,26.019,39.88,-0.02455,-0.018198,0.47,0.61,
2026-03-30T15:19:01.072,frame,42.982,37.88,-0.024415,-0.018457,0.47,0.61,
2026-03-30T15:19:01.083,frame,6.497,41.54,-0.024272,-0.018396,0.47,0.61,
2026-03-30T15:19:01.098,frame,6.067,43.55,-0.024538,-0.01878,0.47,0.61,
2026-03-30T15:19:01.153,frame,40.139,41.16,-0.024435,-0.018572,0.47,0.61,
2026-03-30T15:19:01.180,frame,21.534,40.33,-0.024334,-0.018017,0.47,0.61,
2026-03-30T15:19:01.230,frame,35.495,38.41,-0.023902,-0.0182,0.47,0.61,
2026-03-30T15:19:01.263,frame,17.773,37.64,-0.023591,-0.018143,0.47,0.61,
2026-03-30T15:19:01.306,frame,31.611,35.98,-0.023371,-0.017975,0.47,0.61,
2026-03-30T15:19:01.316,frame,6.294,44.6,-0.023426,-0.017966,0.47,0.61,
2026-03-30T15:19:01.342,frame,13.633,44.3,-0.023655,-0.017012,0.47,0.61,
2026-03-30T15:19:01.393,frame,48.283,41.85,-0.023019,-0.01626,0.47,0.61,
2026-03-30T15:19:01.417,frame,25.856,41.2,-0.023154,-0.015238,0.47,0.61,
2026-03-30T15:19:01.473,frame,45.028,38.99,-0.02344,-0.013936,0.47,0.61,
2026-03-30T15:19:01.481,frame,6.412,44.09,-0.023324,-0.01408,0.47,0.61,
2026-03-30T15:19:01.504,frame,8.525,44.88,-0.023076,-0.01351,0.47,0.62,
2026-03-30T15:19:01.546,frame,37.779,42.57,-0.02287,-0.012893,0.47,0.62,
2026-03-30T15:19:01.584,frame,21.992,41.28,-0.022829,-0.012152,0.47,0.62,
2026-03-30T15:19:01.632,frame,38.663,39.17,-0.022867,-0.011991,0.47,0.62,
2026-03-30T15:19:01.668,frame,22.331,38.2,-0.023135,-0.011058,0.47,0.62,
2026-03-30T15:19:01.706,frame,33.565,36.63,-0.023528,-0.010556,0.47,0.62,
2026-03-30T15:19:01.737,frame,8.923,36.91,-0.02334,-0.010097,0.47,0.62,
2026-03-30T15:19:01.747,frame,7.0,39.71,-0.023705,-0.010392,0.47,0.62,
2026-03-30T15:19:01.786,frame,29.081,38.32,-0.023544,-0.009524,0.47,0.62,
2026-03-30T15:19:01.825,frame,29.457,37.45,-0.023224,-0.008846,0.47,0.62,
2026-03-30T15:19:01.867,frame,40.199,35.97,-0.02306,-0.008454,0.47,0.62,
2026-03-30T15:19:01.887,frame,7.799,38.06,-0.023227,-0.007781,0.47,0.62,
2026-03-30T15:19:01.900,frame,5.763,41.18,-0.023255,-0.007813,0.47,0.62,
2026-03-30T15:19:01.953,frame,40.377,39.0,-0.023182,-0.00673,0.47,0.62,
2026-03-30T15:19:01.980,frame,20.505,38.43,-0.023426,-0.006518,0.47,0.62,
2026-03-30T15:19:02.034,frame,38.714,36.55,-0.02335,-0.006143,0.47,0.62,
2026-03-30T15:19:02.062,frame,17.124,36.4,-0.023885,-0.004728,0.47,0.62,
2026-03-30T15:19:02.112,frame,34.035,34.77,-0.024,-0.005103,0.47,0.62,
2026-03-30T15:19:02.130,frame,6.722,35.72,-0.024011,-0.004211,0.47,0.62,
2026-03-30T15:19:02.147,frame,6.326,37.88,-0.023826,-0.003677,0.47,0.63,
2026-03-30T15:19:02.192,frame,29.854,36.59,-0.023889,-0.00317,0.47,0.63,
2026-03-30T15:19:02.220,frame,25.513,36.36,-0.023598,-0.002556,0.47,0.63,
2026-03-30T15:19:02.273,frame,43.581,34.67,-0.023769,-0.002893,0.47,0.63,
2026-03-30T15:19:02.283,frame,6.048,39.22,-0.023805,-0.002628,0.47,0.63,
2026-03-30T15:19:02.300,frame,7.995,40.62,-0.023836,-0.001966,0.47,0.63,
2026-03-30T15:19:02.353,frame,40.387,38.59,-0.023632,-0.002527,0.47,0.63,
2026-03-30T15:19:02.379,frame,20.033,38.15,-0.023676,-0.002638,0.47,0.63,
2026-03-30T15:19:02.434,frame,39.169,36.26,-0.023796,-0.002462,0.47,0.63,
2026-03-30T15:19:02.463,frame,19.887,35.89,-0.02369,-0.002318,0.47,0.63,
2026-03-30T15:19:02.506,frame,32.807,34.46,-0.023968,-0.002855,0.47,0.63,
2026-03-30T15:19:02.519,frame,5.66,42.18,-0.024036,-0.003093,0.47,0.63,
2026-03-30T15:19:02.538,frame,12.68,42.55,-0.023861,-0.002664,0.47,0.63,
2026-03-30T15:19:02.593,frame,47.183,40.26,-0.024137,-0.002712,0.47,0.63,
2026-03-30T15:19:02.620,frame,25.478,39.74,-0.024049,-0.003125,0.47,0.63,
2026-03-30T15:19:02.666,frame,40.245,37.83,-0.024213,-0.003822,0.47,0.63,
2026-03-30T15:19:02.686,frame,7.052,40.2,-0.024135,-0.003704,0.47,0.63,
2026-03-30T15:19:02.701,frame,6.051,42.53,-0.024231,-0.00347,0.47,0.63,
2026-03-30T15:19:02.749,frame,38.403,40.35,-0.024213,-0.003722,0.47,0.63,
2026-03-30T15:19:02.783,frame,21.811,39.27,-0.024279,-0.003878,0.47,0.62,
2026-03-30T15:19:02.830,frame,36.162,37.45,-0.024278,-0.004821,0.47,0.62,
2026-03-30T15:19:02.858,frame,16.279,37.01,-0.024174,-0.005681,0.47,0.62,
2026-03-30T15:19:02.907,frame,45.651,35.29,-0.023903,-0.005727,0.47,0.62,
2026-03-30T15:19:02.931,frame,6.16,36.21,-0.024029,-0.006163,0.47,0.62,
2026-03-30T15:19:02.948,frame,6.322,38.23,-0.023101,-0.006576,0.47,0.62,
2026-03-30T15:19:02.991,frame,29.159,36.96,-0.022061,-0.00745,0.47,0.62,
2026-03-30T15:19:03.018,frame,26.091,36.55,-0.021202,-0.007497,0.48,0.62,
2026-03-30T15:19:03.073,frame,44.081,34.84,-0.02019,-0.008512,0.48,0.62,
2026-03-30T15:19:03.082,frame,5.181,39.57,-0.02028,-0.008523,0.48,0.62,
2026-03-30T15:19:03.099,frame,8.007,41.11,-0.019854,-0.009103,0.48,0.62,
2026-03-30T15:19:03.154,frame,41.07,39.0,-0.018656,-0.009642,0.48,0.62,
2026-03-30T15:19:03.180,frame,21.34,38.45,-0.018077,-0.010337,0.48,0.62,
2026-03-30T15:19:03.234,frame,38.55,36.6,-0.018384,-0.011564,0.48,0.62,
2026-03-30T15:19:03.262,frame,17.783,36.4,-0.01912,-0.011234,0.48,0.62,
2026-03-30T15:19:03.311,frame,32.895,34.8,-0.019232,-0.01194,0.48,0.62,
2026-03-30T15:19:03.331,frame,6.603,35.56,-0.019331,-0.012236,0.48,0.62,
2026-03-30T15:19:03.347,frame,5.622,38.12,-0.019587,-0.012699,0.48,0.62,
2026-03-30T15:19:03.391,frame,29.021,36.81,-0.019865,-0.013002,0.48,0.62,
2026-03-30T15:19:03.419,frame,27.095,36.3,-0.020467,-0.012023,0.48,0.62,
2026-03-30T15:19:03.467,frame,41.502,34.77,-0.020703,-0.011933,0.48,0.62,
2026-03-30T15:19:03.486,frame,6.752,37.68,-0.020885,-0.012322,0.48,0.62,
2026-03-30T15:19:03.504,frame,8.09,39.41,-0.021984,-0.011476,0.47,0.62,
2026-03-30T15:19:03.547,frame,37.255,37.6,-0.022799,-0.011133,0.47,0.62,
2026-03-30T15:19:03.580,frame,21.11,36.94,-0.023164,-0.01084,0.47,0.62,
2026-03-30T15:19:03.634,frame,38.561,35.24,-0.023976,-0.010704,0.47,0.62,
2026-03-30T15:19:03.663,frame,17.748,35.11,-0.024504,-0.011107,0.47,0.62,
2026-03-30T15:19:03.712,frame,33.792,33.65,-0.024697,-0.010539,0.47,0.62,
2026-03-30T15:19:03.731,frame,6.602,34.66,-0.025054,-0.010628,0.47,0.62,
2026-03-30T15:19:03.747,frame,6.759,36.88,-0.025528,-0.009449,0.47,0.62,
2026-03-30T15:19:03.792,frame,29.922,35.7,-0.026137,-0.010433,0.47,0.62,
2026-03-30T15:19:03.819,frame,29.849,35.14,-0.026153,-0.011049,0.47,0.62,
2026-03-30T15:19:03.873,frame,44.4,33.71,-0.027172,-0.009901,0.47,0.62,
2026-03-30T15:19:03.881,frame,6.727,38.56,-0.027064,-0.010235,0.47,0.62,
2026-03-30T15:19:03.899,frame,7.547,40.24,-0.0273,-0.010492,0.47,0.62,
2026-03-30T15:19:03.953,frame,39.997,38.24,-0.027487,-0.011049,0.47,0.62,
2026-03-30T15:19:03.980,frame,22.136,37.6,-0.027841,-0.011864,0.47,0.62,
2026-03-30T15:19:04.034,frame,39.187,35.85,-0.027867,-0.012356,0.47,0.62,
2026-03-30T15:19:04.064,frame,20.864,35.41,-0.027697,-0.013095,0.47,0.62,
2026-03-30T15:19:04.112,frame,34.31,34.02,-0.02794,-0.013197,0.47,0.62,
2026-03-30T15:19:04.131,frame,6.661,35.08,-0.028022,-0.012971,0.47,0.62,
2026-03-30T15:19:04.147,frame,6.087,37.43,-0.027845,-0.013209,0.47,0.62,
2026-03-30T15:19:04.192,frame,29.218,36.21,-0.027487,-0.012985,0.47,0.62,
2026-03-30T15:19:04.218,frame,26.255,35.84,-0.027724,-0.013079,0.47,0.62,
2026-03-30T15:19:04.267,frame,40.283,34.38,-0.027777,-0.01286,0.47,0.62,
2026-03-30T15:19:04.281,frame,6.179,37.24,-0.027836,-0.012084,0.47,0.62,
2026-03-30T15:19:04.299,frame,7.617,39.01,-0.027842,-0.012187,0.47,0.62,
2026-03-30T15:19:04.355,frame,42.752,37.03,-0.027574,-0.012001,0.47,0.62,
2026-03-30T15:19:04.382,frame,22.412,36.73,-0.027837,-0.011443,0.47,0.62,
2026-03-30T15:19:04.430,frame,37.012,35.18,-0.027555,-0.011387,0.47,0.62,
2026-03-30T15:19:04.463,frame,20.714,34.62,-0.027306,-0.011199,0.47,0.62,
2026-03-30T15:19:04.513,frame,34.206,33.3,-0.026959,-0.010954,0.47,0.62,
2026-03-30T15:19:04.534,frame,6.834,34.41,-0.026893,-0.011293,0.47,0.62,
2026-03-30T15:19:04.548,frame,6.196,36.84,-0.026279,-0.010283,0.47,0.62,
2026-03-30T15:19:04.589,frame,27.976,35.77,-0.025027,-0.011708,0.47,0.62,
2026-03-30T15:19:04.618,frame,25.25,35.39,-0.022559,-0.011293,0.47,0.62,
2026-03-30T15:19:04.675,frame,45.138,33.74,-0.020856,-0.012577,0.48,0.62,
2026-03-30T15:19:04.681,frame,6.274,39.43,-0.020554,-0.013514,0.48,0.62,
2026-03-30T15:19:04.704,frame,7.572,40.98,-0.018275,-0.013622,0.48,0.62,
2026-03-30T15:19:04.755,frame,42.227,38.85,-0.014514,-0.01371,0.48,0.62,
2026-03-30T15:19:04.785,frame,22.474,38.3,-0.010861,-0.013731,0.49,0.62,
2026-03-30T15:19:04.834,frame,39.068,36.49,-0.007152,-0.013824,0.49,0.62,
2026-03-30T15:19:04.868,frame,22.727,35.81,-0.002998,-0.010496,0.49,0.62,
2026-03-30T15:19:04.912,frame,32.221,34.47,0.002227,-0.009754,0.5,0.62,
2026-03-30T15:19:04.936,frame,7.56,35.18,0.001812,-0.008407,0.5,0.62,
2026-03-30T15:19:04.954,frame,7.247,37.4,0.007324,-0.007841,0.5,0.62,
2026-03-30T15:19:04.993,frame,31.236,36.2,0.01071,-0.008815,0.51,0.62,
2026-03-30T15:19:05.027,frame,31.523,35.53,0.013787,-0.007345,0.51,0.62,
2026-03-30T15:19:05.071,frame,42.308,34.24,0.014938,-0.007225,0.51,0.62,
2026-03-30T15:19:05.094,frame,8.074,35.19,0.015121,-0.006914,0.51,0.62,
2026-03-30T15:19:05.115,frame,8.376,36.57,0.015011,-0.007559,0.51,0.62,
2026-03-30T15:19:05.152,frame,23.388,35.57,0.015067,-0.007834,0.51,0.62,
2026-03-30T15:19:05.184,frame,20.102,35.12,0.015054,-0.00914,0.51,0.62,
2026-03-30T15:19:05.234,frame,39.519,33.62,0.015145,-0.009522,0.51,0.62,
2026-03-30T15:19:05.263,frame,17.298,33.72,0.015811,-0.009466,0.51,0.62,
2026-03-30T15:19:05.314,frame,35.098,32.31,0.017668,-0.01031,0.51,0.62,
2026-03-30T15:19:05.336,frame,8.136,33.57,0.01788,-0.011129,0.51,0.62,
2026-03-30T15:19:05.359,frame,15.426,34.61,0.019402,-0.011649,0.52,0.62,
2026-03-30T15:19:05.393,frame,31.069,34.07,0.019306,-0.012059,0.52,0.62,
2026-03-30T15:19:05.425,frame,26.955,33.85,0.020199,-0.013019,0.52,0.62,
2026-03-30T15:19:05.472,frame,43.103,32.59,0.020825,-0.013543,0.52,0.62,
2026-03-30T15:19:05.487,frame,7.826,35.92,0.020738,-0.013535,0.52,0.62,
2026-03-30T15:19:05.502,frame,7.947,38.79,0.02121,-0.013495,0.52,0.62,
2026-03-30T15:19:05.552,frame,37.32,36.94,0.020441,-0.012918,0.52,0.62,
2026-03-30T15:19:05.583,frame,20.687,36.44,0.020234,-0.012078,0.52,0.62,
2026-03-30T15:19:05.635,frame,40.872,34.7,0.020324,-0.010766,0.52,0.62,
2026-03-30T15:19:05.664,frame,21.092,34.66,0.020128,-0.009641,0.52,0.62,
2026-03-30T15:19:05.717,frame,38.822,33.1,0.019873,-0.009049,0.52,0.62,
2026-03-30T15:19:05.734,frame,6.866,35.38,0.020019,-0.009395,0.52,0.62,
2026-03-30T15:19:05.767,frame,10.335,34.99,0.020302,-0.007761,0.52,0.62,
2026-03-30T15:19:05.790,frame,11.234,35.71,0.020467,-0.006349,0.52,0.62,
2026-03-30T15:19:05.825,frame,30.755,35.02,0.020679,-0.005952,0.52,0.62,
2026-03-30T15:19:05.872,frame,42.837,33.65,0.021514,-0.00381,0.52,0.63,
2026-03-30T15:19:05.884,frame,6.207,37.5,0.021772,-0.004014,0.52,0.62,
2026-03-30T15:19:05.919,frame,23.277,36.71,0.020782,-0.003238,0.52,0.63,
2026-03-30T15:19:05.946,frame,24.176,36.24,0.019316,-0.002752,0.52,0.63,
2026-03-30T15:19:05.985,frame,22.773,35.52,0.017064,-0.001384,0.51,0.63,
2026-03-30T15:19:06.034,frame,38.137,34.02,0.014983,-0.002124,0.51,0.63,
2026-03-30T15:19:06.064,frame,18.255,33.99,0.012501,-0.000766,0.51,0.63,
2026-03-30T15:19:06.111,frame,32.187,32.69,0.007587,-0.00164,0.5,0.63,
2026-03-30T15:19:06.117,frame,6.252,41.96,0.008215,-0.002139,0.51,0.63,
2026-03-30T15:19:06.142,frame,13.263,42.12,0.003479,-0.002085,0.5,0.63,
2026-03-30T15:19:06.193,frame,46.519,39.89,-0.000613,-0.004969,0.5,0.62,
2026-03-30T15:19:06.225,frame,18.682,39.02,-0.003697,-0.005647,0.49,0.62,
2026-03-30T15:19:06.271,frame,40.677,37.27,-0.006168,-0.007698,0.49,0.62,
2026-03-30T15:19:06.290,frame,8.747,38.83,-0.006121,-0.007222,0.49,0.62,
2026-03-30T15:19:06.305,frame,8.13,41.53,-0.009615,-0.009224,0.49,0.62,
2026-03-30T15:19:06.350,frame,37.626,39.62,-0.012899,-0.009876,0.48,0.62,
2026-03-30T15:19:06.385,frame,22.743,38.5,-0.016251,-0.011463,0.48,0.62,
2026-03-30T15:19:06.432,frame,36.383,36.8,-0.01789,-0.011317,0.48,0.62,
2026-03-30T15:19:06.467,frame,23.273,35.94,-0.020667,-0.011305,0.48,0.62,
2026-03-30T15:19:06.514,frame,34.805,34.48,-0.023408,-0.014452,0.47,0.61,
2026-03-30T15:19:06.538,frame,10.04,35.12,-0.023257,-0.013799,0.47,0.62,
2026-03-30T15:19:06.556,frame,8.908,37.21,-0.024417,-0.015804,0.47,0.61,
2026-03-30T15:19:06.593,frame,31.041,36.19,-0.025581,-0.017252,0.47,0.61,
2026-03-30T15:19:06.622,frame,26.661,36.02,-0.025901,-0.019001,0.47,0.61,
2026-03-30T15:19:06.672,frame,44.083,34.42,-0.025432,-0.020032,0.47,0.61,
2026-03-30T15:19:06.687,frame,8.529,37.46,-0.026057,-0.019541,0.47,0.61,
2026-03-30T15:19:06.705,frame,15.628,39.41,-0.025563,-0.02223,0.47,0.61,
2026-03-30T15:19:06.752,frame,45.05,37.62,-0.025153,-0.023659,0.47,0.61,
2026-03-30T15:19:06.783,frame,29.526,37.09,-0.024673,-0.027503,0.47,0.6,
2026-03-30T15:19:06.835,frame,39.946,35.29,-0.023592,-0.029457,0.47,0.6,
2026-03-30T15:19:06.866,frame,19.498,35.02,-0.02239,-0.030569,0.47,0.6,
2026-03-30T15:19:06.913,frame,35.019,33.62,-0.021435,-0.032921,0.48,0.6,
2026-03-30T15:19:06.936,frame,8.19,34.58,-0.021234,-0.032809,0.48,0.6,
2026-03-30T15:19:06.950,frame,6.196,37.54,-0.020012,-0.032706,0.48,0.6,
2026-03-30T15:19:06.992,frame,29.402,36.27,-0.019194,-0.033834,0.48,0.6,
2026-03-30T15:19:07.024,frame,28.215,35.79,-0.01861,-0.034389,0.48,0.59,
2026-03-30T15:19:07.074,frame,44.942,34.21,-0.018374,-0.035174,0.48,0.59,
2026-03-30T15:19:07.081,frame,6.223,39.75,-0.018247,-0.035038,0.48,0.59,
2026-03-30T15:19:07.104,frame,8.667,40.96,-0.018404,-0.035599,0.48,0.59,
2026-03-30T15:19:07.154,frame,41.534,38.88,-0.018427,-0.036234,0.48,0.59,
2026-03-30T15:19:07.184,frame,16.091,38.26,-0.018999,-0.037412,0.48,0.59,
2026-03-30T15:19:07.235,frame,39.966,36.42,-0.019858,-0.037674,0.48,0.59,
2026-03-30T15:19:07.267,frame,22.216,35.88,-0.02045,-0.03764,0.48,0.59,
2026-03-30T15:19:07.312,frame,33.284,34.54,-0.020881,-0.03803,0.48,0.59,
2026-03-30T15:19:07.317,frame,6.457,43.69,-0.021159,-0.03808,0.48,0.59,
2026-03-30T15:19:07.338,frame,13.052,43.75,-0.020647,-0.039132,0.48,0.59,
2026-03-30T15:19:07.394,frame,48.262,41.3,-0.020929,-0.039212,0.48,0.59,
2026-03-30T15:19:07.420,frame,8.425,40.82,-0.020969,-0.039324,0.48,0.59,
2026-03-30T15:19:07.473,frame,43.37,38.69,-0.020906,-0.03931,0.48,0.59,
2026-03-30T15:19:07.481,frame,6.593,42.49,-0.021158,-0.039653,0.48,0.59,
2026-03-30T15:19:07.499,frame,6.842,43.9,-0.021021,-0.039912,0.48,0.59,
2026-03-30T15:19:07.551,frame,38.215,41.59,-0.020847,-0.039882,0.48,0.59,
2026-03-30T15:19:07.583,frame,21.766,40.47,-0.020595,-0.039604,0.48,0.59,
2026-03-30T15:19:07.632,frame,38.302,38.47,-0.019532,-0.038323,0.48,0.59,
2026-03-30T15:19:07.665,frame,20.24,37.72,-0.019208,-0.038631,0.48,0.59,
2026-03-30T15:19:07.707,frame,33.258,36.11,-0.018226,-0.038787,0.48,0.59,
2026-03-30T15:19:07.731,frame,7.511,36.66,-0.018023,-0.038791,0.48,0.59,
2026-03-30T15:19:07.754,frame,8.183,38.48,-0.017123,-0.037678,0.48,0.59,
2026-03-30T15:19:07.786,frame,28.045,37.38,-0.016016,-0.037041,0.48,0.59,
2026-03-30T15:19:07.824,frame,28.535,36.58,-0.014495,-0.036756,0.48,0.59,
2026-03-30T15:19:07.873,frame,43.865,34.97,-0.011269,-0.035363,0.49,0.59,
2026-03-30T15:19:07.883,frame,6.43,39.58,-0.010955,-0.035238,0.49,0.59,
2026-03-30T15:19:07.902,frame,6.531,41.56,-0.009319,-0.032643,0.49,0.6,
2026-03-30T15:19:07.953,frame,39.847,39.36,-0.006122,-0.031624,0.49,0.6,
2026-03-30T15:19:07.984,frame,21.254,38.74,-0.001673,-0.02805,0.5,0.6,
2026-03-30T15:19:08.034,frame,39.426,36.83,0.002344,-0.026857,0.5,0.6,
2026-03-30T15:19:08.063,frame,18.182,36.6,0.005398,-0.02333,0.5,0.61,
2026-03-30T15:19:08.111,frame,33.994,35.02,0.009139,-0.021147,0.51,0.61,
2026-03-30T15:19:08.136,frame,7.6,35.66,0.009884,-0.021949,0.51,0.61,
2026-03-30T15:19:08.152,frame,6.69,38.04,0.011069,-0.018322,0.51,0.61,
2026-03-30T15:19:08.192,frame,29.323,36.76,0.012257,-0.015531,0.51,0.61,
2026-03-30T15:19:08.223,frame,22.796,36.32,0.013877,-0.014828,0.51,0.61,
2026-03-30T15:19:08.274,frame,43.941,34.65,0.013756,-0.01279,0.51,0.62,
2026-03-30T15:19:08.288,frame,7.903,38.49,0.013743,-0.013082,0.51,0.62,
2026-03-30T15:19:08.303,frame,8.303,41.11,0.013824,-0.011438,0.51,0.62,
2026-03-30T15:19:08.351,frame,41.011,39.07,0.014006,-0.010037,0.51,0.62,
2026-03-30T15:19:08.383,frame,21.099,38.32,0.014821,-0.009159,0.51,0.62,
2026-03-30T15:19:08.432,frame,35.978,36.52,0.015812,-0.007993,0.51,0.62,
2026-03-30T15:19:08.463,frame,19.974,36.08,0.016782,-0.006831,0.51,0.62,
2026-03-30T15:19:08.512,frame,33.247,34.51,0.018208,-0.005258,0.52,0.62,
2026-03-30T15:19:08.538,frame,9.144,34.96,0.018314,-0.006093,0.52,0.62,
2026-03-30T15:19:08.552,frame,7.501,38.73,0.01921,-0.003001,0.52,0.63,
2026-03-30T15:19:08.593,frame,28.988,37.28,0.02067,-0.001093,0.52,0.63,
2026-03-30T15:19:08.623,frame,12.787,36.92,0.022843,-0.000231,0.52,0.63,
2026-03-30T15:19:08.672,frame,42.703,35.26,0.023613,0.000631,0.52,0.63,
2026-03-30T15:19:08.687,frame,7.889,38.36,0.023598,0.000799,0.52,0.63,
2026-03-30T15:19:08.703,frame,9.261,40.6,0.024872,0.002334,0.52,0.63,
2026-03-30T15:19:08.751,frame,40.942,38.66,0.025336,0.002346,0.52,0.63,
2026-03-30T15:19:08.783,frame,20.823,37.87,0.02577,0.002377,0.52,0.63,
2026-03-30T15:19:08.832,frame,37.076,36.11,0.025683,0.001823,0.52,0.63,
2026-03-30T15:19:08.867,frame,22.263,35.39,0.026076,0.001579,0.52,0.63,
2026-03-30T15:19:08.912,frame,33.641,34.07,0.025717,0.001481,0.52,0.63,
2026-03-30T15:19:08.937,frame,8.521,34.74,0.025764,0.001451,0.52,0.63,
2026-03-30T15:19:08.960,frame,14.264,35.54,0.02514,0.000927,0.52,0.63,
2026-03-30T15:19:08.986,frame,14.837,35.2,0.025137,0.000424,0.52,0.63,
2026-03-30T15:19:09.023,frame,27.028,34.79,0.024136,7.5e-05,0.52,0.63,
2026-03-30T15:19:09.066,frame,41.13,33.44,0.022615,-0.002351,0.52,0.63,
2026-03-30T15:19:09.081,frame,6.22,36.73,0.02256,-0.002086,0.52,0.63,
2026-03-30T15:19:09.098,frame,6.358,38.93,0.022316,-0.003677,0.52,0.63,
2026-03-30T15:19:09.146,frame,39.394,37.05,0.021189,-0.003657,0.52,0.63,
2026-03-30T15:19:09.180,frame,21.66,36.46,0.020712,-0.005028,0.52,0.62,
2026-03-30T15:19:09.235,frame,40.327,34.76,0.02033,-0.006612,0.52,0.62,
2026-03-30T15:19:09.257,frame,15.38,35.16,0.019696,-0.007848,0.52,0.62,
2026-03-30T15:19:09.312,frame,33.637,33.63,0.019008,-0.008082,0.52,0.62,
2026-03-30T15:19:09.330,frame,7.094,34.55,0.018984,-0.007904,0.52,0.62,
2026-03-30T15:19:09.347,frame,5.626,37.2,0.018674,-0.008174,0.52,0.62,
2026-03-30T15:19:09.392,frame,29.265,35.95,0.018723,-0.008581,0.52,0.62,
2026-03-30T15:19:09.418,frame,26.765,35.62,0.018902,-0.008321,0.52,0.62,
2026-03-30T15:19:09.467,frame,43.394,34.03,0.019034,-0.008914,0.52,0.62,
2026-03-30T15:19:09.487,frame,7.808,37.69,0.018882,-0.008651,0.52,0.62,
2026-03-30T15:19:09.497,frame,5.915,40.96,0.01921,-0.009064,0.52,0.62,
2026-03-30T15:19:09.546,frame,38.405,38.89,0.0195,-0.00932,0.52,0.62,
2026-03-30T15:19:09.583,frame,20.273,38.11,0.019308,-0.009476,0.52,0.62,
2026-03-30T15:19:09.630,frame,35.807,36.33,0.019375,-0.009462,0.52,0.62,
2026-03-30T15:19:09.663,frame,19.634,35.8,0.019481,-0.009683,0.52,0.62,
2026-03-30T15:19:09.714,frame,34.532,34.26,0.01992,-0.009631,0.52,0.62,
2026-03-30T15:19:09.730,frame,6.236,35.7,0.019745,-0.00947,0.52,0.62,
2026-03-30T15:19:09.747,frame,5.682,37.94,0.019468,-0.008489,0.52,0.62,
2026-03-30T15:19:09.786,frame,29.163,36.62,0.019436,-0.009001,0.52,0.62,
2026-03-30T15:19:09.818,frame,26.935,36.18,0.019765,-0.00808,0.52,0.62,
2026-03-30T15:19:09.867,frame,43.12,34.59,0.019759,-0.007884,0.52,0.62,
2026-03-30T15:19:09.881,frame,6.136,38.8,0.0199,-0.007715,0.52,0.62,
2026-03-30T15:19:09.898,frame,6.145,40.84,0.01962,-0.007668,0.52,0.62,
2026-03-30T15:19:09.946,frame,39.239,38.74,0.019531,-0.007873,0.52,0.62,
2026-03-30T15:19:09.982,frame,22.074,38.03,0.018289,-0.00919,0.52,0.62,
2026-03-30T15:19:10.048,click_registered,,,,,,,
2026-03-30T15:19:10.048,frame,53.098,35.78,0.017129,-0.011286,0.51,0.62,
2026-03-30T15:19:10.066,frame,7.266,37.0,0.016942,-0.010783,0.51,0.62,
2026-03-30T15:19:10.115,frame,35.815,35.48,0.01733,-0.010883,0.51,0.62,
2026-03-30T15:19:10.130,frame,6.484,37.04,0.017047,-0.01106,0.51,0.62,
2026-03-30T15:19:10.150,frame,5.747,39.06,0.018084,-0.009978,0.51,0.62,
2026-03-30T15:19:10.189,frame,26.974,37.77,0.019586,-0.008601,0.52,0.62,
2026-03-30T15:19:10.222,frame,27.819,36.96,0.018779,-0.00911,0.52,0.62,
2026-03-30T15:19:10.267,frame,41.825,35.36,0.019537,-0.009587,0.52,0.62,
2026-03-30T15:19:10.281,frame,6.457,38.87,0.019232,-0.008799,0.52,0.62,
2026-03-30T15:19:10.298,frame,6.736,40.89,0.019371,-0.00889,0.52,0.62,
2026-03-30T15:19:10.346,frame,38.017,38.89,0.018803,-0.008237,0.52,0.62,
2026-03-30T15:19:10.379,frame,22.493,37.91,0.018151,-0.007977,0.52,0.62,
2026-03-30T15:19:10.429,frame,36.849,36.25,0.018674,-0.008224,0.52,0.62,
2026-03-30T15:19:10.463,frame,18.756,35.78,0.017987,-0.008159,0.51,0.62,
2026-03-30T15:19:10.515,frame,37.039,34.14,0.017411,-0.00773,0.51,0.62,
2026-03-30T15:19:10.531,frame,6.127,35.82,0.017371,-0.007603,0.51,0.62,
2026-03-30T15:19:10.547,frame,5.996,38.1,0.016731,-0.007785,0.51,0.62,
2026-03-30T15:19:10.591,frame,28.043,36.87,0.015608,-0.006578,0.51,0.62,
2026-03-30T15:19:10.618,frame,25.985,36.38,0.016017,-0.005708,0.51,0.62,
2026-03-30T15:19:10.670,frame,40.934,34.8,0.01644,-0.004571,0.51,0.62,
2026-03-30T15:19:10.685,frame,7.327,37.85,0.016078,-0.003949,0.51,0.62,
2026-03-30T15:19:10.700,frame,8.066,40.21,0.016477,-0.003709,0.51,0.63,
2026-03-30T15:19:10.751,frame,40.792,38.21,0.016585,-0.002877,0.51,0.63,
2026-03-30T15:19:10.780,frame,18.898,37.76,0.016898,-0.001735,0.51,0.63,
2026-03-30T15:19:10.831,frame,36.158,35.99,0.017873,-0.001717,0.51,0.63,
2026-03-30T15:19:10.862,frame,17.607,35.51,0.018564,-0.000674,0.52,0.63,
2026-03-30T15:19:10.911,frame,33.465,34.03,0.019569,-2.2e-05,0.52,0.63,
2026-03-30T15:19:10.931,frame,6.591,34.86,0.019773,5.3e-05,0.52,0.63,
2026-03-30T15:19:10.953,frame,7.814,36.79,0.019466,-8.9e-05,0.52,0.63,
2026-03-30T15:19:10.986,frame,27.698,35.84,0.0196,0.000749,0.52,0.63,
2026-03-30T15:19:11.023,frame,26.827,35.34,0.019866,0.001341,0.52,0.63,
2026-03-30T15:19:11.066,frame,41.271,33.9,0.019874,0.001251,0.52,0.63,
2026-03-30T15:19:11.087,frame,7.537,36.63,0.019743,0.001301,0.52,0.63,
2026-03-30T15:19:11.097,frame,5.882,39.72,0.019789,0.001347,0.52,0.63,
2026-03-30T15:19:11.152,frame,39.841,37.71,0.019735,0.000916,0.52,0.63,
2026-03-30T15:19:11.180,frame,19.343,37.38,0.020105,0.000348,0.52,0.63,
2026-03-30T15:19:11.230,frame,35.426,35.68,0.020341,-0.000745,0.52,0.63,
2026-03-30T15:19:11.262,frame,17.258,35.24,0.020959,-0.001968,0.52,0.63,
2026-03-30T15:19:11.306,frame,32.05,33.8,0.019888,-0.002729,0.52,0.63,
2026-03-30T15:19:11.316,frame,6.076,42.74,0.019768,-0.002176,0.52,0.63,
2026-03-30T15:19:11.337,frame,11.634,42.88,0.020132,-0.003665,0.52,0.63,
2026-03-30T15:19:11.386,frame,46.228,40.56,0.019272,-0.004489,0.52,0.62,
2026-03-30T15:19:11.440,frame,43.866,38.6,0.019729,-0.005123,0.52,0.62,
2026-03-30T15:19:11.466,frame,25.19,37.92,0.019592,-0.006103,0.52,0.62,
2026-03-30T15:19:11.483,frame,6.375,41.03,0.019573,-0.006001,0.52,0.62,
2026-03-30T15:19:11.501,frame,5.947,43.11,0.019412,-0.006499,0.52,0.62,
2026-03-30T15:19:11.553,frame,40.074,40.77,0.019142,-0.006296,0.52,0.62,
2026-03-30T15:19:11.580,frame,22.618,39.77,0.01947,-0.006729,0.52,0.62,
2026-03-30T15:19:11.630,frame,37.382,37.87,0.018923,-0.007215,0.52,0.62,
2026-03-30T15:19:11.664,frame,19.333,37.28,0.019127,-0.007527,0.52,0.62,
2026-03-30T15:19:11.706,frame,32.887,35.71,0.018751,-0.007375,0.52,0.62,
2026-03-30T15:19:11.731,frame,7.449,36.23,0.019128,-0.007223,0.52,0.62,
2026-03-30T15:19:11.748,frame,7.049,38.34,0.018758,-0.008071,0.52,0.62,
2026-03-30T15:19:11.792,frame,29.576,37.04,0.019212,-0.007879,0.52,0.62,
2026-03-30T15:19:11.818,frame,25.616,36.75,0.018971,-0.008158,0.52,0.62,
2026-03-30T15:19:11.867,frame,41.564,35.11,0.019424,-0.008835,0.52,0.62,
2026-03-30T15:19:11.881,frame,6.257,38.36,0.019362,-0.008544,0.52,0.62,
2026-03-30T15:19:11.904,frame,8.425,39.75,0.019144,-0.00931,0.52,0.62,
2026-03-30T15:19:11.947,frame,39.052,37.91,0.019179,-0.009626,0.52,0.62,
2026-03-30T15:19:11.979,frame,19.177,37.45,0.019022,-0.009555,0.52,0.62,
2026-03-30T15:19:12.034,frame,39.498,35.6,0.019086,-0.00931,0.52,0.62,
2026-03-30T15:19:12.058,frame,15.745,35.68,0.019344,-0.008214,0.52,0.62,
2026-03-30T15:19:12.106,frame,33.409,34.12,0.019254,-0.008517,0.52,0.62,
2026-03-30T15:19:12.136,frame,8.128,34.78,0.019436,-0.008506,0.52,0.62,
2026-03-30T15:19:12.153,frame,7.347,37.22,0.019839,-0.008114,0.52,0.62,
2026-03-30T15:19:12.187,frame,32.547,35.95,0.019786,-0.008072,0.52,0.62,
2026-03-30T15:19:12.220,frame,26.089,35.92,0.019424,-0.007536,0.52,0.62,
2026-03-30T15:19:12.268,frame,44.377,34.27,0.019867,-0.006742,0.52,0.62,
2026-03-30T15:19:12.281,frame,6.169,39.31,0.019667,-0.006922,0.52,0.62,
2026-03-30T15:19:12.298,frame,6.629,41.24,0.019687,-0.006673,0.52,0.62,
2026-03-30T15:19:12.347,frame,39.328,39.11,0.0203,-0.007054,0.52,0.62,
2026-03-30T15:19:12.380,frame,20.03,38.6,0.019959,-0.006827,0.52,0.62,
2026-03-30T15:19:12.430,frame,35.856,36.78,0.020175,-0.007259,0.52,0.62,
2026-03-30T15:19:12.463,frame,17.967,36.21,0.019301,-0.009426,0.52,0.62,
2026-03-30T15:19:12.520,click_registered,,,,,,,
2026-03-30T15:19:12.520,frame,41.918,34.34,0.018187,-0.011272,0.52,0.62,
2026-03-30T15:19:12.536,frame,8.084,37.08,0.018109,-0.010793,0.51,0.62,
2026-03-30T15:19:12.552,frame,6.871,39.71,0.017743,-0.012101,0.51,0.62,
2026-03-30T15:19:12.589,frame,28.525,38.4,0.018166,-0.012241,0.52,0.62,
2026-03-30T15:19:12.624,frame,28.318,37.52,0.01766,-0.013013,0.51,0.62,
2026-03-30T15:19:12.674,frame,46.08,35.72,0.018393,-0.010469,0.52,0.62,
2026-03-30T15:19:12.685,frame,5.984,41.74,0.018059,-0.011802,0.51,0.62,
2026-03-30T15:19:12.700,frame,7.968,42.94,0.019717,-0.011221,0.52,0.62,
2026-03-30T15:19:12.747,frame,38.677,40.76,0.019843,-0.010556,0.52,0.62,
2026-03-30T15:19:12.781,frame,20.926,39.79,0.019696,-0.010719,0.52,0.62,
2026-03-30T15:19:12.829,frame,33.902,37.96,0.019897,-0.010402,0.52,0.62,
2026-03-30T15:19:12.863,frame,18.749,37.1,0.019404,-0.009676,0.52,0.62,
2026-03-30T15:19:12.906,frame,33.261,35.47,0.018564,-0.010438,0.52,0.62,
2026-03-30T15:19:12.935,frame,6.478,36.35,0.018691,-0.010566,0.52,0.62,
2026-03-30T15:19:12.953,frame,7.529,38.03,0.017856,-0.010804,0.51,0.62,
2026-03-30T15:19:12.986,frame,26.464,37.03,0.017807,-0.009961,0.51,0.62,
2026-03-30T15:19:13.017,frame,25.526,36.42,0.016709,-0.009865,0.51,0.62,
2026-03-30T15:19:13.072,frame,43.259,34.73,0.015903,-0.009201,0.51,0.62,
2026-03-30T15:19:13.082,frame,6.305,38.59,0.015853,-0.010208,0.51,0.62,
2026-03-30T15:19:13.099,frame,6.157,40.88,0.013799,-0.007853,0.51,0.62,
2026-03-30T15:19:13.153,frame,40.261,38.75,0.011949,-0.006564,0.51,0.62,
2026-03-30T15:19:13.185,frame,22.434,38.05,0.010343,-0.00491,0.51,0.62,
2026-03-30T15:19:13.233,frame,37.928,36.32,0.009955,-0.003404,0.51,0.63,
2026-03-30T15:19:13.263,frame,18.399,35.99,0.007347,-0.001028,0.5,0.63,
2026-03-30T15:19:13.311,frame,32.441,34.46,0.006199,0.00242,0.5,0.63,
2026-03-30T15:19:13.340,frame,11.559,34.54,0.006635,0.002486,0.5,0.63,
2026-03-30T15:19:13.359,frame,13.016,36.39,0.004515,0.005715,0.5,0.63,
2026-03-30T15:19:13.390,frame,27.777,35.94,0.004264,0.008846,0.5,0.64,
2026-03-30T15:19:13.422,frame,26.761,35.44,0.002911,0.010345,0.5,0.64,
2026-03-30T15:19:13.472,frame,41.955,33.93,0.002996,0.010967,0.5,0.64,
2026-03-30T15:19:13.487,frame,7.693,37.16,0.002667,0.011079,0.5,0.64,
2026-03-30T15:19:13.498,frame,6.761,39.77,0.002962,0.012285,0.5,0.64,
2026-03-30T15:19:13.553,frame,40.255,37.78,0.003167,0.01406,0.5,0.64,
2026-03-30T15:19:13.584,frame,21.605,37.22,0.003435,0.015467,0.5,0.64,
2026-03-30T15:19:13.631,frame,36.424,35.6,0.003639,0.016385,0.5,0.65,
2026-03-30T15:19:13.663,frame,17.693,35.21,0.004035,0.017468,0.5,0.65,
2026-03-30T15:19:13.711,frame,32.463,33.75,0.00507,0.01733,0.5,0.65,
2026-03-30T15:19:13.731,frame,6.914,34.6,0.005349,0.016695,0.5,0.65,
2026-03-30T15:19:13.753,frame,7.036,36.83,0.005393,0.017117,0.5,0.65,
2026-03-30T15:19:13.791,frame,28.304,35.77,0.00578,0.016231,0.5,0.65,
2026-03-30T15:19:13.821,frame,24.327,35.44,0.006712,0.016109,0.5,0.64,
2026-03-30T15:19:13.871,frame,39.888,33.91,0.006918,0.015539,0.5,0.64,
2026-03-30T15:19:13.882,frame,6.279,37.61,0.006719,0.015929,0.5,0.64,
2026-03-30T15:19:13.901,frame,5.87,40.04,0.007517,0.014184,0.5,0.64,
2026-03-30T15:19:13.952,frame,40.717,38.02,0.008547,0.013893,0.51,0.64,
2026-03-30T15:19:13.982,frame,19.375,37.6,0.008726,0.012267,0.51,0.64,
2026-03-30T15:19:14.030,frame,37.964,35.8,0.008464,0.011228,0.51,0.64,
2026-03-30T15:19:14.065,frame,20.127,35.3,0.009154,0.010821,0.51,0.64,
2026-03-30T15:19:14.110,frame,32.123,33.97,0.010348,0.01067,0.51,0.64,
2026-03-30T15:19:14.116,frame,5.998,43.15,0.010234,0.010407,0.51,0.64,
2026-03-30T15:19:14.143,frame,14.535,42.79,0.01132,0.008947,0.51,0.64,
2026-03-30T15:19:14.194,frame,47.784,40.51,0.011894,0.007432,0.51,0.64,
2026-03-30T15:19:14.226,frame,29.941,39.57,0.01276,0.006791,0.51,0.64,
2026-03-30T15:19:14.272,frame,43.538,37.77,0.012613,0.006097,0.51,0.63,
2026-03-30T15:19:14.283,frame,7.641,42.28,0.012777,0.006048,0.51,0.63,
2026-03-30T15:19:14.302,frame,6.235,43.85,0.012539,0.006288,0.51,0.64,
2026-03-30T15:19:14.353,frame,42.888,41.39,0.012902,0.00589,0.51,0.63,
2026-03-30T15:19:14.381,frame,19.283,40.82,0.012947,0.004964,0.51,0.63,
2026-03-30T15:19:14.432,frame,36.797,38.72,0.013015,0.004304,0.51,0.63,
2026-03-30T15:19:14.457,frame,15.2,38.26,0.012807,0.004181,0.51,0.63,
2026-03-30T15:19:14.514,frame,50.491,36.33,0.012994,0.003979,0.51,0.63,
2026-03-30T15:19:14.531,frame,7.748,37.2,0.012723,0.004339,0.51,0.63,
2026-03-30T15:19:14.548,frame,7.014,39.4,0.012738,0.004265,0.51,0.63,
2026-03-30T15:19:14.594,frame,31.61,37.88,0.012396,0.004454,0.51,0.63,
2026-03-30T15:19:14.624,frame,11.502,37.46,0.01246,0.004648,0.51,0.63,
2026-03-30T15:19:14.669,frame,42.551,35.82,0.012333,0.004604,0.51,0.63,
2026-03-30T15:19:14.683,frame,7.102,39.11,0.01237,0.004614,0.51,0.63,
2026-03-30T15:19:14.700,frame,6.305,41.34,0.012407,0.004362,0.51,0.63,
2026-03-30T15:19:14.751,frame,38.906,39.23,0.012314,0.003787,0.51,0.63,
2026-03-30T15:19:14.780,frame,19.272,38.65,0.012155,0.003554,0.51,0.63,
2026-03-30T15:19:14.830,frame,38.31,36.7,0.012443,0.004082,0.51,0.63,
2026-03-30T15:19:14.857,frame,16.482,36.6,0.012263,0.003671,0.51,0.63,
2026-03-30T15:19:14.914,frame,35.534,34.86,0.012442,0.003294,0.51,0.63,
2026-03-30T15:19:14.933,frame,6.134,36.05,0.012318,0.003352,0.51,0.63,
2026-03-30T15:19:14.947,frame,5.837,38.55,0.012244,0.003375,0.51,0.63,
2026-03-30T15:19:14.986,frame,28.286,37.25,0.012056,0.003175,0.51,0.63,
2026-03-30T15:19:15.024,frame,28.774,36.48,0.011133,0.003285,0.51,0.63,
2026-03-30T15:19:15.082,click_registered,,,,,,,
2026-03-30T15:19:15.082,frame,53.837,34.57,0.010633,-0.00127,0.51,0.63,
2026-03-30T15:19:15.097,frame,6.703,36.27,0.011854,-0.001269,0.51,0.63,
2026-03-30T15:19:15.122,frame,9.308,37.62,0.012564,-0.005837,0.51,0.62,
2026-03-30T15:19:15.153,frame,24.264,37.02,0.011069,-0.007199,0.51,0.62,
2026-03-30T15:19:15.180,frame,21.387,36.6,0.009906,-0.006001,0.51,0.62,
2026-03-30T15:19:15.234,frame,38.89,34.93,0.010851,-0.004195,0.51,0.62,
2026-03-30T15:19:15.263,frame,18.137,34.88,0.011489,-4.2e-05,0.51,0.63,
2026-03-30T15:19:15.313,frame,47.305,33.42,0.011421,0.000502,0.51,0.63,
2026-03-30T15:19:15.336,frame,8.094,34.27,0.011624,6.1e-05,0.51,0.63,
2026-03-30T15:19:15.350,frame,7.078,36.85,0.011118,0.000595,0.51,0.63,
2026-03-30T15:19:15.391,frame,29.524,35.72,0.010668,0.00045,0.51,0.63,
2026-03-30T15:19:15.419,frame,27.293,35.34,0.010376,0.00122,0.51,0.63,
2026-03-30T15:19:15.466,frame,43.049,33.86,0.010305,0.001105,0.51,0.63,
2026-03-30T15:19:15.482,frame,6.714,37.7,0.010144,0.001151,0.51,0.63,
2026-03-30T15:19:15.498,frame,6.846,39.9,0.010358,0.001513,0.51,0.63,
2026-03-30T15:19:15.551,frame,38.758,37.96,0.009942,0.002275,0.51,0.63,
2026-03-30T15:19:15.579,frame,20.702,37.35,0.010243,0.002912,0.51,0.63,
2026-03-30T15:19:15.632,frame,38.454,35.58,0.010163,0.004048,0.51,0.63,
2026-03-30T15:19:15.665,frame,19.089,35.19,0.009903,0.005629,0.51,0.63,
2026-03-30T15:19:15.709,frame,32.925,33.84,0.010375,0.006391,0.51,0.64,
2026-03-30T15:19:15.736,frame,8.294,34.45,0.010244,0.006312,0.51,0.64,
2026-03-30T15:19:15.748,frame,5.547,37.47,0.009616,0.007979,0.51,0.64,
2026-03-30T15:19:15.792,frame,29.097,36.25,0.009775,0.009478,0.51,0.64,
2026-03-30T15:19:15.822,frame,26.215,35.87,0.00978,0.009355,0.51,0.64,
2026-03-30T15:19:15.873,frame,45.723,34.25,0.009495,0.010176,0.51,0.64,
2026-03-30T15:19:15.886,frame,6.367,38.56,0.009352,0.010398,0.51,0.64,
2026-03-30T15:19:15.898,frame,6.276,40.99,0.009218,0.011234,0.51,0.64,
2026-03-30T15:19:15.953,frame,41.02,38.83,0.008967,0.01179,0.51,0.64,
2026-03-30T15:19:15.980,frame,20.148,38.39,0.009347,0.011025,0.51,0.64,
2026-03-30T15:19:16.034,frame,39.618,36.48,0.008709,0.011213,0.51,0.64,
2026-03-30T15:19:16.063,frame,20.01,36.1,0.008801,0.010932,0.51,0.64,
2026-03-30T15:19:16.113,frame,34.712,34.57,0.00886,0.010848,0.51,0.64,
2026-03-30T15:19:16.130,frame,6.756,35.62,0.008821,0.010669,0.51,0.64,
2026-03-30T15:19:16.147,frame,6.05,38.23,0.009085,0.010386,0.51,0.64,
2026-03-30T15:19:16.186,frame,27.688,36.99,0.009052,0.0106,0.51,0.64,
2026-03-30T15:19:16.225,frame,29.595,36.14,0.009186,0.009546,0.51,0.64,
2026-03-30T15:19:16.274,frame,46.114,34.57,0.009229,0.009116,0.51,0.64,
2026-03-30T15:19:16.281,frame,6.244,40.22,0.009408,0.009136,0.51,0.64,
2026-03-30T15:19:16.300,frame,6.132,42.2,0.009701,0.008836,0.51,0.64,
2026-03-30T15:19:16.349,frame,37.849,40.05,0.009914,0.00796,0.51,0.64,
2026-03-30T15:19:16.380,frame,20.023,39.17,0.009942,0.007676,0.51,0.64,
2026-03-30T15:19:16.430,frame,38.695,37.2,0.009933,0.007171,0.51,0.64,
2026-03-30T15:19:16.465,frame,20.902,36.56,0.009629,0.0066,0.51,0.64,
2026-03-30T15:19:16.512,frame,32.96,35.08,0.010168,0.006348,0.51,0.64,
2026-03-30T15:19:16.520,frame,6.495,42.74,0.010182,0.006027,0.51,0.63,
2026-03-30T15:19:16.540,frame,12.13,43.26,0.010321,0.006445,0.51,0.64,
2026-03-30T15:19:16.586,frame,44.435,40.99,0.010273,0.006105,0.51,0.63,
2026-03-30T15:19:16.618,frame,28.195,39.87,0.010233,0.006463,0.51,0.64,
2026-03-30T15:19:16.676,frame,46.445,37.82,0.010279,0.005859,0.51,0.63,
2026-03-30T15:19:16.684,frame,5.992,44.46,0.010202,0.005756,0.51,0.63,
2026-03-30T15:19:16.698,frame,5.441,46.12,0.010382,0.005694,0.51,0.63,
2026-03-30T15:19:16.746,frame,39.926,43.46,0.010219,0.005584,0.51,0.63,
2026-03-30T15:19:16.782,frame,21.685,42.32,0.010473,0.005896,0.51,0.63,
2026-03-30T15:19:16.830,frame,39.124,40.06,0.010058,0.005984,0.51,0.63,
2026-03-30T15:19:16.863,frame,18.69,39.47,0.010267,0.006147,0.51,0.64,
2026-03-30T15:19:16.906,frame,33.216,37.64,0.010252,0.00654,0.51,0.64,
2026-03-30T15:19:16.930,frame,7.375,38.05,0.010276,0.006416,0.51,0.64,
2026-03-30T15:19:16.947,frame,5.997,40.39,0.010241,0.006548,0.51,0.64,
2026-03-30T15:19:16.989,frame,28.01,38.92,0.009961,0.00651,0.51,0.64,
2026-03-30T15:19:17.018,frame,27.024,38.14,0.009983,0.006589,0.51,0.64,
2026-03-30T15:19:17.073,frame,43.583,36.33,0.010031,0.006158,0.51,0.64,
2026-03-30T15:19:17.081,frame,6.579,40.39,0.01001,0.006316,0.51,0.64,
2026-03-30T15:19:17.098,frame,6.724,42.31,0.010093,0.006022,0.51,0.63,
2026-03-30T15:19:17.151,frame,41.378,40.03,0.009977,0.006093,0.51,0.63,
2026-03-30T15:19:17.197,frame,35.484,38.29,0.010105,0.005734,0.51,0.63,
2026-03-30T15:19:17.230,frame,21.074,37.34,0.010125,0.005681,0.51,0.63,
2026-03-30T15:19:17.263,frame,17.765,36.85,0.009821,0.005355,0.51,0.63,
2026-03-30T15:19:17.309,frame,33.112,35.26,0.0101,0.005336,0.51,0.63,
2026-03-30T15:19:17.331,frame,7.744,35.75,0.010029,0.005359,0.51,0.63,
2026-03-30T15:19:17.347,frame,6.592,38.33,0.009953,0.005169,0.51,0.63,
2026-03-30T15:19:17.387,frame,29.1,37.05,0.010097,0.005575,0.51,0.63,
2026-03-30T15:19:17.417,frame,25.318,36.74,0.010117,0.005566,0.51,0.63,
2026-03-30T15:19:17.470,frame,42.292,35.04,0.010041,0.005263,0.51,0.63,
2026-03-30T15:19:17.481,frame,6.051,38.89,0.009992,0.005427,0.51,0.63,
2026-03-30T15:19:17.499,frame,5.476,41.23,0.009916,0.005168,0.51,0.63,
2026-03-30T15:19:17.553,frame,40.223,39.05,0.00821,0.003946,0.51,0.63,
2026-03-30T15:19:17.583,click_registered,,,,,,,
2026-03-30T15:19:17.583,frame,20.938,38.4,0.009582,-0.000307,0.51,0.63,
2026-03-30T15:19:17.640,frame,45.634,36.32,0.009039,-0.004892,0.51,0.62,
2026-03-30T15:19:17.660,frame,5.12,37.45,0.009117,-0.007255,0.51,0.62,
2026-03-30T15:19:17.712,frame,49.08,35.67,0.00777,-0.006362,0.5,0.62,
2026-03-30T15:19:17.733,frame,6.747,36.38,0.007389,-0.0048,0.5,0.62,
2026-03-30T15:19:17.760,frame,13.9,36.92,0.00898,-0.004389,0.51,0.62,
2026-03-30T15:19:17.789,frame,13.155,36.61,0.008299,-0.000733,0.51,0.63,
2026-03-30T15:19:17.817,frame,27.686,36.01,0.00875,-0.001287,0.51,0.63,
2026-03-30T15:19:17.867,frame,42.395,34.43,0.007885,-0.001994,0.5,0.63,
2026-03-30T15:19:17.883,frame,5.643,38.59,0.008555,-0.001591,0.51,0.63,
2026-03-30T15:19:17.902,frame,6.758,40.37,0.008704,-0.001961,0.51,0.63,
2026-03-30T15:19:17.948,frame,39.244,38.37,0.009161,-0.002275,0.51,0.63,
2026-03-30T15:19:17.979,frame,19.699,37.79,0.009577,-0.002342,0.51,0.63,
2026-03-30T15:19:18.038,frame,42.578,35.82,0.010291,-0.003002,0.51,0.63,
2026-03-30T15:19:18.061,frame,16.423,36.41,0.01107,-0.005542,0.51,0.62,
2026-03-30T15:19:18.111,frame,33.383,34.77,0.014001,-0.00687,0.51,0.62,
2026-03-30T15:19:18.121,frame,6.769,42.43,0.013652,-0.006171,0.51,0.62,
2026-03-30T15:19:18.144,frame,15.712,42.45,0.016322,-0.009106,0.51,0.62,
2026-03-30T15:19:18.191,frame,45.366,40.32,0.018354,-0.01213,0.52,0.62,
2026-03-30T15:19:18.223,frame,28.925,39.42,0.021297,-0.013455,0.52,0.62,
2026-03-30T15:19:18.272,frame,44.499,37.54,0.02352,-0.015868,0.52,0.61,
2026-03-30T15:19:18.287,frame,8.306,40.18,0.023885,-0.014681,0.52,0.61,
2026-03-30T15:19:18.319,frame,22.294,39.3,0.026052,-0.017981,0.52,0.61,
2026-03-30T15:19:18.353,frame,24.688,38.32,0.027531,-0.020182,0.52,0.61,
2026-03-30T15:19:18.383,frame,20.726,37.85,0.02888,-0.020686,0.53,0.61,
2026-03-30T15:19:18.431,frame,36.125,36.15,0.029655,-0.021787,0.53,0.61,
2026-03-30T15:19:18.462,frame,16.509,35.74,0.029842,-0.024329,0.53,0.6,
2026-03-30T15:19:18.511,frame,33.02,34.19,0.0306,-0.024376,0.53,0.6,
2026-03-30T15:19:18.537,frame,8.006,34.67,0.030198,-0.02453,0.53,0.6,
2026-03-30T15:19:18.553,frame,7.476,37.36,0.029878,-0.025852,0.53,0.6,
2026-03-30T15:19:18.591,frame,29.027,36.25,0.030338,-0.026223,0.53,0.6,
2026-03-30T15:19:18.622,frame,26.648,35.83,0.030563,-0.02611,0.53,0.6,
2026-03-30T15:19:18.672,frame,42.589,34.27,0.030565,-0.026045,0.53,0.6,
2026-03-30T15:19:18.683,frame,7.722,38.01,0.030847,-0.025678,0.53,0.6,
2026-03-30T15:19:18.706,frame,10.631,39.12,0.030884,-0.026154,0.53,0.6,
2026-03-30T15:19:18.752,frame,35.418,37.42,0.030999,-0.025679,0.53,0.6,
2026-03-30T15:19:18.780,frame,20.771,36.89,0.031024,-0.02374,0.53,0.61,
2026-03-30T15:19:18.832,frame,36.876,35.22,0.030697,-0.024195,0.53,0.6,
2026-03-30T15:19:18.860,frame,16.553,35.11,0.030714,-0.022478,0.53,0.61,
2026-03-30T15:19:18.911,frame,33.312,33.61,0.029984,-0.020116,0.53,0.61,
2026-03-30T15:19:18.930,frame,6.714,34.51,0.030151,-0.020264,0.53,0.61,
2026-03-30T15:19:18.947,frame,6.56,36.75,0.030044,-0.017851,0.53,0.61,
2026-03-30T15:19:18.991,frame,29.129,35.63,0.030045,-0.017404,0.53,0.61,
2026-03-30T15:19:19.018,frame,26.546,35.32,0.029578,-0.015301,0.53,0.61,
2026-03-30T15:19:19.073,frame,43.992,33.76,0.029999,-0.014717,0.53,0.61,
2026-03-30T15:19:19.080,frame,5.919,38.79,0.030343,-0.014752,0.53,0.61,
2026-03-30T15:19:19.099,frame,6.821,40.4,0.029668,-0.013513,0.53,0.62,
2026-03-30T15:19:19.153,frame,40.748,38.36,0.029847,-0.013974,0.53,0.61,
2026-03-30T15:19:19.182,frame,20.678,37.86,0.029653,-0.014038,0.53,0.61,
2026-03-30T15:19:19.233,frame,37.482,36.05,0.029893,-0.013177,0.53,0.62,
2026-03-30T15:19:19.263,frame,19.794,35.63,0.030937,-0.013087,0.53,0.62,
2026-03-30T15:19:19.312,frame,33.624,34.21,0.03142,-0.012424,0.53,0.62,
2026-03-30T15:19:19.333,frame,7.754,34.91,0.031293,-0.012483,0.53,0.62,
2026-03-30T15:19:19.348,frame,7.66,37.19,0.031335,-0.013065,0.53,0.62,
2026-03-30T15:19:19.390,frame,23.384,36.23,0.031724,-0.013915,0.53,0.61,
2026-03-30T15:19:19.418,frame,25.624,35.69,0.031342,-0.014498,0.53,0.61,
2026-03-30T15:19:19.466,frame,41.412,34.18,0.02914,-0.016784,0.53,0.61,
2026-03-30T15:19:19.481,frame,6.2,37.56,0.029149,-0.016761,0.53,0.61,
2026-03-30T15:19:19.515,click_registered,,,,,,,
2026-03-30T15:19:19.515,frame,18.599,37.16,0.028999,-0.017859,0.53,0.61,
